{
    "bestAvgScore": 1.5,
    "avgScore": 0.05561122244488978,
    "bestAvgFitness": 3.16125,
    "avgFitness": 0.8087860721442885,
    "top10AvgFitness": 1.15638,
    "top25AvgFitness": 1.0648669354838711,
    "time": 2.05
}