{
    "bestAvgScore": 101.75,
    "avgScore": 79.375250501002,
    "bestAvgFitness": 447.4153612376238,
    "avgFitness": 213.69181515585362,
    "top10AvgFitness": 367.92571977681155,
    "top25AvgFitness": 339.6876689320309,
    "time": 427.57
}