{
    "bestAvgScore": 96.75,
    "avgScore": 69.28675,
    "bestAvgFitness": 358.3749397108911,
    "avgFitness": 146.7608026186289,
    "top10AvgFitness": 271.4851854876635,
    "top25AvgFitness": 248.46740037210577,
    "time": 722.57
}