{
    "bestAvgScore": 55.8,
    "avgScore": 37.809,
    "bestAvgFitness": 264947.98660000006,
    "avgFitness": 129554.81608340002,
    "top10AvgFitness": 227458.14428400004,
    "top25AvgFitness": 214366.38605840004,
    "time": 553.26
}