{
    "bestAvgScore": 50.5,
    "avgScore": 32.75425,
    "bestAvgFitness": 21.563980250705395,
    "avgFitness": 6.331373114772478,
    "top10AvgFitness": 14.40611373761069,
    "top25AvgFitness": 12.735673916811669,
    "time": 317.09
}