{
    "bestAvgScore": 99.5,
    "avgScore": 74.651,
    "bestAvgFitness": 371.62226132277226,
    "avgFitness": 173.25257848552133,
    "top10AvgFitness": 302.5116976887171,
    "top25AvgFitness": 279.504276286728,
    "time": 764.56
}