{
    "bestAvgScore": 83.2,
    "avgScore": 44.7756,
    "bestAvgFitness": 1814028.2525999998,
    "avgFitness": 635662.3768897,
    "top10AvgFitness": 1415711.9989739996,
    "top25AvgFitness": 1285577.8698008,
    "time": 871.67
}