{
    "bestAvgScore": 103.25,
    "avgScore": 80.283,
    "bestAvgFitness": 486.19034585638707,
    "avgFitness": 221.42213361201178,
    "top10AvgFitness": 392.4769711476861,
    "top25AvgFitness": 355.72815617402455,
    "time": 831.7
}