{
    "bestAvgScore": 51.75,
    "avgScore": 39.58125,
    "bestAvgFitness": 36.373748610294115,
    "avgFitness": 17.900180171624474,
    "top10AvgFitness": 32.09062412275151,
    "top25AvgFitness": 29.873568246579676,
    "time": 621.42
}