{
    "bestAvgScore": 97.0,
    "avgScore": 67.37675350701403,
    "bestAvgFitness": 385.82356381188123,
    "avgFitness": 166.02035974114872,
    "top10AvgFitness": 298.9775483866986,
    "top25AvgFitness": 273.9278832143708,
    "time": 406.61
}