{
    "bestAvgScore": 101.5,
    "avgScore": 77.126,
    "bestAvgFitness": 422.35639041262374,
    "avgFitness": 200.9037961997815,
    "top10AvgFitness": 363.59665633749273,
    "top25AvgFitness": 335.05628172706423,
    "time": 809.08
}