{
    "bestAvgScore": 15.75,
    "avgScore": 4.2145,
    "bestAvgFitness": 18950.54625,
    "avgFitness": 431.49069175000005,
    "top10AvgFitness": 4211.157875,
    "top25AvgFitness": 2475.7507560000004,
    "time": 65.35
}