{
    "bestAvgScore": 98.75,
    "avgScore": 73.81462925851703,
    "bestAvgFitness": 384.985957970297,
    "avgFitness": 170.41869377906855,
    "top10AvgFitness": 319.494962743663,
    "top25AvgFitness": 281.48432515570204,
    "time": 373.23
}