{
    "bestAvgScore": 101.75,
    "avgScore": 66.40831663326654,
    "bestAvgFitness": 383.70432025262085,
    "avgFitness": 118.758582993085,
    "top10AvgFitness": 255.40121223058995,
    "top25AvgFitness": 220.85446268681346,
    "time": 328.83
}