{
    "bestAvgScore": 78.2,
    "avgScore": 43.8519,
    "bestAvgFitness": 1356596.0134,
    "avgFitness": 498952.84555270005,
    "top10AvgFitness": 1081608.514134,
    "top25AvgFitness": 980895.6747008001,
    "time": 822.21
}