{
    "bestAvgScore": 71.8,
    "avgScore": 45.0545,
    "bestAvgFitness": 876029.2246,
    "avgFitness": 365978.4209304,
    "top10AvgFitness": 711329.0935780001,
    "top25AvgFitness": 663393.6520639999,
    "time": 739.06
}