{
    "bestAvgScore": 104.75,
    "avgScore": 80.13825,
    "bestAvgFitness": 484.63264445544553,
    "avgFitness": 219.8280575659012,
    "top10AvgFitness": 389.56805409766145,
    "top25AvgFitness": 355.957465572288,
    "time": 832.21
}