{
    "bestAvgScore": 108.5,
    "avgScore": 81.43436873747495,
    "bestAvgFitness": 568.3627111138613,
    "avgFitness": 242.44916542990848,
    "top10AvgFitness": 437.5411826089462,
    "top25AvgFitness": 394.3618634813742,
    "time": 445.29
}