{
    "bestAvgScore": 62.4,
    "avgScore": 41.0946,
    "bestAvgFitness": 426460.0448,
    "avgFitness": 200236.1435112,
    "top10AvgFitness": 356005.903368,
    "top25AvgFitness": 337944.60293840006,
    "time": 621.66
}