{
    "bestAvgScore": 94.5,
    "avgScore": 59.054108216432866,
    "bestAvgFitness": 319.83912762376235,
    "avgFitness": 64.97538254690943,
    "top10AvgFitness": 196.85396159146956,
    "top25AvgFitness": 160.34053721651551,
    "time": 274.05
}