{
    "bestAvgScore": 104.25,
    "avgScore": 80.9815,
    "bestAvgFitness": 480.54216246961755,
    "avgFitness": 227.71947290704765,
    "top10AvgFitness": 404.3626042718433,
    "top25AvgFitness": 369.8093751578617,
    "time": 847.08
}