{
    "bestAvgScore": 99.5,
    "avgScore": 70.57414829659318,
    "bestAvgFitness": 382.89772521930695,
    "avgFitness": 179.58799494809867,
    "top10AvgFitness": 335.82279079320114,
    "top25AvgFitness": 301.32030110683104,
    "time": 404.03
}