{
    "bestAvgScore": 104.75,
    "avgScore": 80.04909819639279,
    "bestAvgFitness": 496.3625756055669,
    "avgFitness": 228.26114180221828,
    "top10AvgFitness": 395.70232095422676,
    "top25AvgFitness": 362.38392552514966,
    "time": 434.33
}