{
    "bestAvgScore": 107.0,
    "avgScore": 81.51102204408818,
    "bestAvgFitness": 496.03290694851484,
    "avgFitness": 238.23491557489785,
    "top10AvgFitness": 408.0464990515398,
    "top25AvgFitness": 375.29861664782527,
    "time": 440.62
}