{
    "bestAvgScore": 81.4,
    "avgScore": 43.7731,
    "bestAvgFitness": 1622171.9122,
    "avgFitness": 585566.4432840999,
    "top10AvgFitness": 1296188.7247960002,
    "top25AvgFitness": 1185003.3560296,
    "time": 861.81
}