{
    "bestAvgScore": 101.0,
    "avgScore": 74.64,
    "bestAvgFitness": 402.14165763168313,
    "avgFitness": 183.25860845901929,
    "top10AvgFitness": 329.6531384637576,
    "top25AvgFitness": 300.4435278012506,
    "time": 785.0
}