{
    "bestAvgScore": 5.8,
    "avgScore": 0.21030000000000001,
    "bestAvgFitness": 1039.6336,
    "avgFitness": 2.0415916999999997,
    "top10AvgFitness": 25.748036,
    "top25AvgFitness": 11.078981599999999,
    "time": 21.3
}