{
    "bestAvgScore": 107.75,
    "avgScore": 80.90825,
    "bestAvgFitness": 510.9297168440885,
    "avgFitness": 223.2004737145237,
    "top10AvgFitness": 411.1705542820902,
    "top25AvgFitness": 371.36712611219997,
    "time": 842.72
}