{
    "bestAvgScore": 53.0,
    "avgScore": 39.71375,
    "bestAvgFitness": 35.98736298769171,
    "avgFitness": 18.30111230823841,
    "top10AvgFitness": 31.293559526569307,
    "top25AvgFitness": 29.3041372788556,
    "time": 628.95
}