{
    "highScore": 199.0,
    "scores": [
        199.0,
        179.0,
        177.0,
        167.0,
        160.0,
        157.0,
        152.0,
        144.0,
        143.0,
        141.0,
        135.0,
        120.0,
        119.0,
        115.0,
        105.0,
        105.0,
        104.0,
        99.0,
        96.0,
        93.0,
        93.0,
        88.0,
        88.0,
        86.0,
        84.0,
        81.0,
        79.0,
        79.0,
        78.0,
        76.0,
        75.0,
        73.0,
        73.0,
        72.0,
        71.0,
        71.0,
        70.0,
        69.0,
        68.0,
        67.0,
        66.0,
        66.0,
        65.0,
        63.0,
        62.0,
        62.0,
        62.0,
        62.0,
        62.0,
        62.0,
        61.0,
        60.0,
        60.0,
        59.0,
        59.0,
        59.0,
        58.0,
        57.0,
        57.0,
        57.0,
        54.0,
        53.0,
        53.0,
        51.0,
        49.0,
        44.0,
        44.0,
        43.0,
        42.0,
        40.0,
        39.0,
        38.0,
        36.0,
        35.0,
        33.0,
        32.0,
        32.0,
        30.0,
        29.0,
        29.0,
        28.0,
        28.0,
        26.0,
        25.0,
        25.0,
        25.0,
        25.0,
        25.0,
        23.0,
        23.0,
        22.0,
        22.0,
        19.0,
        13.0,
        13.0,
        10.0,
        7.0,
        3.0,
        1.0
    ],
    "fitnesses": [
        1.0020863815613348,
        1.0019599898891003,
        1.0017098580073316,
        1.0014711784379748,
        1.0012855742270939,
        1.0012606265716426,
        1.0012107920403235,
        1.0012002557515967,
        1.0011941453466777,
        1.001137654122562,
        1.000847905911892,
        1.0008443089645833,
        1.0007836353917474,
        1.0007351125195643,
        1.0007340496297912,
        1.0007091721707433,
        1.0006948932028583,
        1.0006733545557942,
        1.0006461004732234,
        1.0005648450778382,
        1.0005314141646542,
        1.0005086922404083,
        1.0004947082553952,
        1.0004895445897846,
        1.0004441438745586,
        1.0004114851679544,
        1.0004011397745554,
        1.0003916311432366,
        1.0003802677037434,
        1.0003753285375225,
        1.0003650688133694,
        1.0003622417492466,
        1.0003518440792984,
        1.0003288661159182,
        1.000303335451881,
        1.0002940176690716,
        1.0002863401249589,
        1.0002607493301137,
        1.0002463668456578,
        1.0002461726852891,
        1.000233997855149,
        1.0002231708952782,
        1.0002204368470489,
        1.0002202609007784,
        1.0002201556223755,
        1.0002096083208156,
        1.000206163860037,
        1.0002029837646575,
        1.0002024325571794,
        1.0001974023471076,
        1.0001944798291469,
        1.0001908145179126,
        1.0001891001116314,
        1.00018655717584,
        1.0001599310882907,
        1.000158024503136,
        1.0001504492406015,
        1.0001150830656853,
        1.0001053738476997,
        1.0000972687276921,
        1.0000879397775406,
        1.0000688396053867,
        1.0000518914348835,
        1.0000250378693047,
        1.0000077309236948,
        1.0000007490636704,
        0.6678771312298504,
        0.6677323751853383,
        0.6676234027274127,
        0.6670708881557065,
        0.6669346315623761,
        0.6669241543650445,
        0.6668462048793763,
        0.6667863476169038,
        0.666757631781666,
        0.3338588073768971,
        0.33376859531332276,
        0.3337262133846483,
        0.3334680215617716,
        0.3334318510072216,
        0.3334083333333333,
        0.33340121646573256,
        0.33337674169346193,
        0.0,
        0.0,
        0.0,
        0.0,
        0.0,
        0.0,
        0.0,
        0.0,
        0.0,
        0.0,
        0.0,
        0.0,
        0.0,
        0.0,
        0.0,
        0.0
    ],
    "time": 1050.93
}