{
    "bestAvgScore": 1.2,
    "avgScore": 0.0308,
    "bestAvgFitness": 1.5862,
    "avgFitness": 0.026050200000000003,
    "top10AvgFitness": 0.521004,
    "top25AvgFitness": 0.20840160000000002,
    "time": 7.24
}