{
    "bestAvgScore": 54.4,
    "avgScore": 33.1715,
    "bestAvgFitness": 243841.7346,
    "avgFitness": 95047.35162129998,
    "top10AvgFitness": 193947.26153799996,
    "top25AvgFitness": 180949.0989448,
    "time": 504.25
}