{
    "bestAvgScore": 103.75,
    "avgScore": 79.94088176352706,
    "bestAvgFitness": 497.6638968383663,
    "avgFitness": 219.42138032889505,
    "top10AvgFitness": 381.0718143079662,
    "top25AvgFitness": 346.7842210102858,
    "time": 426.26
}