{
    "bestAvgScore": 7.0,
    "avgScore": 0.18425,
    "bestAvgFitness": 615.291,
    "avgFitness": 1.7830125,
    "top10AvgFitness": 20.67282,
    "top25AvgFitness": 8.893588000000001,
    "time": 10.46
}