{
    "bestAvgScore": 102.75,
    "avgScore": 79.41783567134269,
    "bestAvgFitness": 437.21100415923127,
    "avgFitness": 213.22188797905852,
    "top10AvgFitness": 349.63584747277304,
    "top25AvgFitness": 324.2300451907528,
    "time": 421.87
}