{
    "bestAvgScore": 103.75,
    "avgScore": 74.38777555110221,
    "bestAvgFitness": 472.7451070069307,
    "avgFitness": 174.21933671879052,
    "top10AvgFitness": 323.5143311182237,
    "top25AvgFitness": 293.14410983724235,
    "time": 370.36
}