{
    "bestAvgScore": 74.0,
    "avgScore": 45.5185,
    "bestAvgFitness": 1067455.4832,
    "avgFitness": 423175.22439890006,
    "top10AvgFitness": 836351.5126899999,
    "top25AvgFitness": 772037.8403272,
    "time": 753.8
}