{
    "bestAvgScore": 102.25,
    "avgScore": 78.64128256513025,
    "bestAvgFitness": 450.574114480198,
    "avgFitness": 210.51810854611674,
    "top10AvgFitness": 356.21702099950824,
    "top25AvgFitness": 332.341878683313,
    "time": 454.52
}