{
    "bestAvgScore": 106.5,
    "avgScore": 81.046,
    "bestAvgFitness": 483.9991734280722,
    "avgFitness": 223.13286022536005,
    "top10AvgFitness": 390.8389851871861,
    "top25AvgFitness": 358.29680018209035,
    "time": 829.53
}