{
    "bestAvgScore": 32.2,
    "avgScore": 8.8769,
    "bestAvgFitness": 41306.6316,
    "avgFitness": 2254.5508468999997,
    "top10AvgFitness": 12393.840718000003,
    "top25AvgFitness": 9014.6602176,
    "time": 170.44
}