{
    "bestAvgScore": 99.5,
    "avgScore": 73.8001002004008,
    "bestAvgFitness": 368.01781291534655,
    "avgFitness": 166.38838110718598,
    "top10AvgFitness": 307.40687056718025,
    "top25AvgFitness": 278.07775409101384,
    "time": 374.65
}