{
    "bestAvgScore": 101.5,
    "avgScore": 77.543,
    "bestAvgFitness": 450.3912300653466,
    "avgFitness": 201.19734275158862,
    "top10AvgFitness": 369.3095609664188,
    "top25AvgFitness": 336.29595046106664,
    "time": 815.33
}