{
    "bestAvgScore": 100.75,
    "avgScore": 65.99849699398797,
    "bestAvgFitness": 359.2056827351485,
    "avgFitness": 115.60015329982384,
    "top10AvgFitness": 246.7388602238967,
    "top25AvgFitness": 209.7614359129546,
    "time": 325.15
}