{
    "bestAvgScore": 10.5,
    "avgScore": 2.48875,
    "bestAvgFitness": 5645.141500000001,
    "avgFitness": 69.32847199999999,
    "top10AvgFitness": 770.9554100000001,
    "top25AvgFitness": 419.25374000000005,
    "time": 41.24
}