{
    "bestAvgScore": 9.5,
    "avgScore": 1.7685,
    "bestAvgFitness": 2486.3272500000003,
    "avgFitness": 28.114866499999998,
    "top10AvgFitness": 357.64252999999997,
    "top25AvgFitness": 184.995758,
    "time": 34.56
}