{
    "bestAvgScore": 103.5,
    "avgScore": 80.74675,
    "bestAvgFitness": 468.99103402330616,
    "avgFitness": 227.91814532069105,
    "top10AvgFitness": 399.052994453127,
    "top25AvgFitness": 369.19296176002763,
    "time": 844.36
}