{
    "bestAvgScore": 5.25,
    "avgScore": 0.227,
    "bestAvgFitness": 124.20774999999999,
    "avgFitness": 1.204264,
    "top10AvgFitness": 8.870284999999999,
    "top25AvgFitness": 4.18014,
    "time": 10.72
}