{
    "bestAvgScore": 96.5,
    "avgScore": 70.19975,
    "bestAvgFitness": 351.23138632125347,
    "avgFitness": 153.81317018841904,
    "top10AvgFitness": 288.8288351427734,
    "top25AvgFitness": 260.8189104360388,
    "time": 717.47
}