{
    "bestAvgScore": 95.25,
    "avgScore": 67.47895791583166,
    "bestAvgFitness": 339.405619975,
    "avgFitness": 126.58526113745987,
    "top10AvgFitness": 253.02833365741003,
    "top25AvgFitness": 222.62777498004348,
    "time": 332.25
}