{
    "bestAvgScore": 107.25,
    "avgScore": 78.24775,
    "bestAvgFitness": 501.5002670945545,
    "avgFitness": 211.10639368508978,
    "top10AvgFitness": 391.6100012099271,
    "top25AvgFitness": 355.55880788115724,
    "time": 812.4
}