{
    "bestAvgScore": 105.75,
    "avgScore": 81.4188376753507,
    "bestAvgFitness": 507.9676530336634,
    "avgFitness": 244.74794610129086,
    "top10AvgFitness": 429.91804912051464,
    "top25AvgFitness": 392.17909440607826,
    "time": 438.82
}