{
    "bestAvgScore": 83.0,
    "avgScore": 43.9241,
    "bestAvgFitness": 1821861.3292,
    "avgFitness": 578081.7935223,
    "top10AvgFitness": 1316223.0568879999,
    "top25AvgFitness": 1179484.8898544,
    "time": 839.96
}