{
    "bestAvgScore": 52.0,
    "avgScore": 39.27325,
    "bestAvgFitness": 36.236128236386136,
    "avgFitness": 17.7925933879489,
    "top10AvgFitness": 32.105504017268295,
    "top25AvgFitness": 29.799786704561985,
    "time": 642.81
}