{
    "bestAvgScore": 63.0,
    "avgScore": 41.5407,
    "bestAvgFitness": 478020.3472,
    "avgFitness": 211467.26252589998,
    "top10AvgFitness": 387441.93721,
    "top25AvgFitness": 363038.65278559993,
    "time": 639.11
}