{
    "bestAvgScore": 104.75,
    "avgScore": 76.6955,
    "bestAvgFitness": 462.74724371326926,
    "avgFitness": 199.40392894677115,
    "top10AvgFitness": 377.5892658847543,
    "top25AvgFitness": 338.58784658556755,
    "time": 792.9
}