{
    "bestAvgScore": 12.25,
    "avgScore": 2.337,
    "bestAvgFitness": 5194.03975,
    "avgFitness": 61.12905550000001,
    "top10AvgFitness": 719.04424,
    "top25AvgFitness": 392.7291600000001,
    "time": 41.79
}