{
    "bestAvgScore": 106.75,
    "avgScore": 83.47795591182364,
    "bestAvgFitness": 509.44473295889145,
    "avgFitness": 249.6727862710043,
    "top10AvgFitness": 423.743678062715,
    "top25AvgFitness": 386.957464763917,
    "time": 451.66
}