{
    "bestAvgScore": 110.25,
    "avgScore": 82.04108216432866,
    "bestAvgFitness": 587.0045403792079,
    "avgFitness": 244.88907279805923,
    "top10AvgFitness": 429.85980736127834,
    "top25AvgFitness": 392.31116784447664,
    "time": 447.79
}