{
    "bestAvgScore": 52.25,
    "avgScore": 39.72725,
    "bestAvgFitness": 34.0774612039604,
    "avgFitness": 16.313721579267938,
    "top10AvgFitness": 29.97211382893657,
    "top25AvgFitness": 27.858488490250704,
    "time": 572.11
}