{
    "bestAvgScore": 103.25,
    "avgScore": 77.75875,
    "bestAvgFitness": 450.0210678960396,
    "avgFitness": 209.52816850452405,
    "top10AvgFitness": 379.4495681028969,
    "top25AvgFitness": 348.057222617162,
    "time": 822.0
}