{
    "bestAvgScore": 103.25,
    "avgScore": 77.664,
    "bestAvgFitness": 434.93210356386135,
    "avgFitness": 205.05531593514462,
    "top10AvgFitness": 363.24538819730003,
    "top25AvgFitness": 335.9677702428331,
    "time": 805.04
}