{
    "bestAvgScore": 60.4,
    "avgScore": 39.364200000000004,
    "bestAvgFitness": 375967.3256,
    "avgFitness": 163577.7072052,
    "top10AvgFitness": 306838.09784199996,
    "top25AvgFitness": 283975.0104016,
    "time": 586.04
}