{
    "bestAvgScore": 72.6,
    "avgScore": 45.3089,
    "bestAvgFitness": 902092.4607999999,
    "avgFitness": 381880.8529158,
    "top10AvgFitness": 749619.4171099999,
    "top25AvgFitness": 697127.1767608,
    "time": 747.1
}