{
    "bestAvgScore": 15.5,
    "avgScore": 4.11875,
    "bestAvgFitness": 16175.48975,
    "avgFitness": 376.43356075,
    "top10AvgFitness": 3972.1714749999996,
    "top25AvgFitness": 2230.7101239999997,
    "time": 61.91
}