{
    "bestAvgScore": 105.0,
    "avgScore": 80.96225,
    "bestAvgFitness": 517.0045266336633,
    "avgFitness": 225.44199586562752,
    "top10AvgFitness": 396.3616235981461,
    "top25AvgFitness": 361.66178620436034,
    "time": 843.76
}