{
    "bestAvgScore": 40.2,
    "avgScore": 15.881399999999998,
    "bestAvgFitness": 83960.1098,
    "avgFitness": 13174.2531553,
    "top10AvgFitness": 52537.07111600001,
    "top25AvgFitness": 43629.260804,
    "time": 274.1
}