{
    "bestAvgScore": 97.0,
    "avgScore": 73.02675,
    "bestAvgFitness": 368.5847822277227,
    "avgFitness": 163.93915831097289,
    "top10AvgFitness": 286.97034025816805,
    "top25AvgFitness": 265.9163484589351,
    "time": 756.96
}