{
    "bestAvgScore": 95.5,
    "avgScore": 72.83975,
    "bestAvgFitness": 343.4355993831683,
    "avgFitness": 163.25597925911148,
    "top10AvgFitness": 290.67165079837446,
    "top25AvgFitness": 267.6819815829459,
    "time": 746.96
}