{
    "bestAvgScore": 109.75,
    "avgScore": 82.014,
    "bestAvgFitness": 569.7929528200495,
    "avgFitness": 233.53975913390892,
    "top10AvgFitness": 407.6256761465577,
    "top25AvgFitness": 373.97520072998077,
    "time": 847.38
}