{
    "bestAvgScore": 0.5,
    "avgScore": 0.026052104208416832,
    "bestAvgFitness": 0.5,
    "avgFitness": 0.001503006012024048,
    "top10AvgFitness": 0.03,
    "top25AvgFitness": 0.012096774193548387,
    "time": 1.22
}