{
    "bestAvgScore": 105.75,
    "avgScore": 81.237,
    "bestAvgFitness": 495.8863102960396,
    "avgFitness": 230.21204879803898,
    "top10AvgFitness": 403.17775584411777,
    "top25AvgFitness": 367.77816480189824,
    "time": 851.76
}