{
    "bestAvgScore": 53.25,
    "avgScore": 40.26325,
    "bestAvgFitness": 36.56897231386139,
    "avgFitness": 18.348265713277918,
    "top10AvgFitness": 32.146839889867664,
    "top25AvgFitness": 29.979482840370146,
    "time": 632.84
}