{
    "bestAvgScore": 61.4,
    "avgScore": 41.1307,
    "bestAvgFitness": 406511.5096,
    "avgFitness": 198361.01532250002,
    "top10AvgFitness": 354416.71715800004,
    "top25AvgFitness": 335568.3260864,
    "time": 618.33
}