{
    "bestAvgScore": 107.25,
    "avgScore": 79.8006012024048,
    "bestAvgFitness": 551.7134337346437,
    "avgFitness": 233.68880392744003,
    "top10AvgFitness": 430.0481298917424,
    "top25AvgFitness": 390.36703451323837,
    "time": 438.36
}