{
    "bestAvgScore": 98.5,
    "avgScore": 70.70325,
    "bestAvgFitness": 360.2169162002475,
    "avgFitness": 157.86146102704905,
    "top10AvgFitness": 278.69004062002256,
    "top25AvgFitness": 255.77895209016083,
    "time": 734.7
}