{
    "bestAvgScore": 106.0,
    "avgScore": 80.57025,
    "bestAvgFitness": 500.6507369575228,
    "avgFitness": 222.62924692669617,
    "top10AvgFitness": 401.4876408479553,
    "top25AvgFitness": 365.54630666315745,
    "time": 848.13
}