{
    "bestAvgScore": 105.75,
    "avgScore": 78.43375,
    "bestAvgFitness": 484.51765138088234,
    "avgFitness": 210.66486118335322,
    "top10AvgFitness": 381.9628565398882,
    "top25AvgFitness": 346.2650020664399,
    "time": 827.54
}