{
    "bestAvgScore": 106.25,
    "avgScore": 77.38375,
    "bestAvgFitness": 483.3562831368812,
    "avgFitness": 202.44071171839673,
    "top10AvgFitness": 373.7358491067717,
    "top25AvgFitness": 336.987008003636,
    "time": 818.16
}