{
    "bestAvgScore": 101.5,
    "avgScore": 74.06625,
    "bestAvgFitness": 395.4013311807416,
    "avgFitness": 169.45595891152996,
    "top10AvgFitness": 303.17029585576927,
    "top25AvgFitness": 277.9792446705371,
    "time": 767.15
}