{
    "bestAvgScore": 52.75,
    "avgScore": 39.446,
    "bestAvgFitness": 35.34695596534654,
    "avgFitness": 18.31898650624527,
    "top10AvgFitness": 32.30157045167249,
    "top25AvgFitness": 30.095532999605737,
    "time": 656.95
}