{
    "bestAvgScore": 13.0,
    "avgScore": 1.9081054036024017,
    "bestAvgFitness": 2745.7965,
    "avgFitness": 46.12466844563042,
    "top10AvgFitness": 617.4120499999999,
    "top25AvgFitness": 319.0590280748663,
    "time": 47.35
}