{
    "bestAvgScore": 98.25,
    "avgScore": 69.94325,
    "bestAvgFitness": 356.4178223373131,
    "avgFitness": 153.9334309382986,
    "top10AvgFitness": 280.8296226213229,
    "top25AvgFitness": 256.8045029153786,
    "time": 742.81
}