{
    "bestAvgScore": 67.8,
    "avgScore": 44.69160000000001,
    "bestAvgFitness": 665272.6094000001,
    "avgFitness": 292372.547836,
    "top10AvgFitness": 541737.5380460001,
    "top25AvgFitness": 504209.9274848,
    "time": 700.86
}