{
    "bestAvgScore": 106.25,
    "avgScore": 78.40475,
    "bestAvgFitness": 525.2698151524753,
    "avgFitness": 205.45004575080225,
    "top10AvgFitness": 378.6016433621711,
    "top25AvgFitness": 341.39437372759113,
    "time": 815.96
}