{
    "highScore": 195.0,
    "scores": [
        195.0,
        185.0,
        148.0,
        142.0,
        134.0,
        119.0,
        117.0,
        108.0,
        98.0,
        98.0,
        95.0,
        95.0,
        94.0,
        90.0,
        90.0,
        89.0,
        88.0,
        85.0,
        85.0,
        84.0,
        83.0,
        79.0,
        79.0,
        77.0,
        76.0,
        76.0,
        76.0,
        76.0,
        75.0,
        75.0,
        74.0,
        74.0,
        73.0,
        73.0,
        73.0,
        72.0,
        71.0,
        71.0,
        71.0,
        71.0,
        71.0,
        71.0,
        70.0,
        70.0,
        70.0,
        69.0,
        69.0,
        69.0,
        68.0,
        68.0,
        68.0,
        68.0,
        67.0,
        66.0,
        66.0,
        65.0,
        65.0,
        65.0,
        65.0,
        65.0,
        65.0,
        65.0,
        65.0,
        64.0,
        64.0,
        64.0,
        64.0,
        64.0,
        64.0,
        62.0,
        60.0,
        58.0,
        49.0,
        49.0,
        46.0,
        45.0,
        44.0,
        44.0,
        41.0,
        41.0,
        39.0,
        39.0,
        36.0,
        36.0,
        33.0,
        31.0,
        31.0,
        31.0,
        25.0,
        24.0,
        22.0,
        22.0,
        13.0,
        10.0,
        7.0,
        3.0,
        3.0,
        2.0,
        2.0
    ],
    "fitnesses": [
        1.0014329916596003,
        1.0011799608959235,
        1.0005545148457955,
        1.0004520530517957,
        1.000385575928848,
        1.0003479198238627,
        1.0003309027939344,
        1.00032441920322,
        1.0002888445748,
        1.0002560722880365,
        1.0002465295170886,
        1.0002446017077622,
        1.0002088512519351,
        1.0001979984436786,
        1.0001232999653837,
        1.0000237906461902,
        1.0000056006744689,
        1.0000033218698554,
        1.0000032362459548,
        0.6672107560999797,
        0.6670252243053442,
        0.66684087558499,
        0.6667526180277896,
        0.6667018684996616,
        0.33442638266068764,
        0.334046769718589,
        0.3339824383654171,
        0.33392520016856303,
        0.3337609149895524,
        0.3337209039548023,
        0.3335103505925161,
        0.3333568738229755,
        0.0,
        0.0,
        0.0,
        0.0,
        0.0,
        0.0,
        0.0,
        0.0,
        0.0,
        0.0,
        0.0,
        0.0,
        0.0,
        0.0,
        0.0,
        0.0,
        0.0,
        0.0,
        0.0,
        0.0,
        0.0,
        0.0,
        0.0,
        0.0,
        0.0,
        0.0,
        0.0,
        0.0,
        0.0,
        0.0,
        0.0,
        0.0,
        0.0,
        0.0,
        0.0,
        0.0,
        0.0,
        0.0,
        0.0,
        0.0,
        0.0,
        0.0,
        0.0,
        0.0,
        0.0,
        0.0,
        0.0,
        0.0,
        0.0,
        0.0,
        0.0,
        0.0,
        0.0,
        0.0,
        0.0,
        0.0,
        0.0,
        0.0,
        0.0,
        0.0,
        0.0,
        0.0,
        0.0,
        0.0,
        0.0,
        0.0,
        0.0
    ],
    "time": 1232.37
}