{
    "bestAvgScore": 22.0,
    "avgScore": 6.782400000000001,
    "bestAvgFitness": 22493.596400000002,
    "avgFitness": 1316.4611016,
    "top10AvgFitness": 9155.196044,
    "top25AvgFitness": 6165.4539912,
    "time": 158.44
}