{
    "bestAvgScore": 103.5,
    "avgScore": 81.07275,
    "bestAvgFitness": 470.55470274034644,
    "avgFitness": 224.65024838867876,
    "top10AvgFitness": 395.11446980779033,
    "top25AvgFitness": 360.6082030050547,
    "time": 832.69
}