{
    "bestAvgScore": 104.5,
    "avgScore": 81.0455,
    "bestAvgFitness": 490.6629208298194,
    "avgFitness": 226.2309249504836,
    "top10AvgFitness": 396.7369251247962,
    "top25AvgFitness": 365.27942568471497,
    "time": 847.0
}