{
    "bestAvgScore": 106.5,
    "avgScore": 80.8395,
    "bestAvgFitness": 520.5334870118811,
    "avgFitness": 220.917340890186,
    "top10AvgFitness": 402.58324339681553,
    "top25AvgFitness": 364.7366371668798,
    "time": 847.21
}