{
    "bestAvgScore": 98.0,
    "avgScore": 71.53657314629258,
    "bestAvgFitness": 362.80432079887396,
    "avgFitness": 160.42659215759096,
    "top10AvgFitness": 300.4819320726629,
    "top25AvgFitness": 269.93782259932925,
    "time": 363.12
}