{
    "bestAvgScore": 51.75,
    "avgScore": 38.91975,
    "bestAvgFitness": 38.63855669554456,
    "avgFitness": 17.75195622119587,
    "top10AvgFitness": 32.33007149948117,
    "top25AvgFitness": 30.047890534241393,
    "time": 619.05
}