{
    "bestAvgScore": 5.25,
    "avgScore": 0.20575,
    "bestAvgFitness": 402.54324999999994,
    "avgFitness": 1.4379582499999997,
    "top10AvgFitness": 13.820364999999997,
    "top25AvgFitness": 6.163449999999999,
    "time": 10.29
}