{
    "bestAvgScore": 15.0,
    "avgScore": 4.0445,
    "bestAvgFitness": 18995.2,
    "avgFitness": 317.71528699999993,
    "top10AvgFitness": 3444.7309999999998,
    "top25AvgFitness": 1845.8196019999998,
    "time": 62.57
}