{
    "bestAvgScore": 104.75,
    "avgScore": 80.07875,
    "bestAvgFitness": 504.92879861094934,
    "avgFitness": 229.16854273667153,
    "top10AvgFitness": 401.7373316039823,
    "top25AvgFitness": 371.55908740457966,
    "time": 841.23
}