{
    "bestAvgScore": 103.25,
    "avgScore": 81.34919839679358,
    "bestAvgFitness": 459.847797309901,
    "avgFitness": 240.2634876633549,
    "top10AvgFitness": 407.69461237421694,
    "top25AvgFitness": 379.5004150057139,
    "time": 436.07
}