{
    "bestAvgScore": 83.6,
    "avgScore": 45.72410000000001,
    "bestAvgFitness": 1896876.8284000002,
    "avgFitness": 650972.6329432,
    "top10AvgFitness": 1463875.815742,
    "top25AvgFitness": 1319262.1739607998,
    "time": 865.61
}