{
    "bestAvgScore": 76.6,
    "avgScore": 43.716699999999996,
    "bestAvgFitness": 1284000.8902,
    "avgFitness": 495910.5657697,
    "top10AvgFitness": 1087597.6475820001,
    "top25AvgFitness": 990831.6174896,
    "time": 811.75
}