{
    "bestAvgScore": 98.25,
    "avgScore": 73.4879759519038,
    "bestAvgFitness": 400.4762767131188,
    "avgFitness": 166.2845805729098,
    "top10AvgFitness": 302.27823856718715,
    "top25AvgFitness": 272.9946024477588,
    "time": 370.28
}