{
    "bestAvgScore": 104.25,
    "avgScore": 78.2415,
    "bestAvgFitness": 475.85130877945545,
    "avgFitness": 205.18335807126732,
    "top10AvgFitness": 371.55993316919097,
    "top25AvgFitness": 342.4667387108636,
    "time": 813.09
}