{
    "bestAvgScore": 104.75,
    "avgScore": 82.05911823647294,
    "bestAvgFitness": 469.6114446404873,
    "avgFitness": 245.50241582933938,
    "top10AvgFitness": 414.29265404093434,
    "top25AvgFitness": 383.41885146736433,
    "time": 445.18
}