{
    "bestAvgScore": 98.75,
    "avgScore": 68.43837675350701,
    "bestAvgFitness": 393.07526136138614,
    "avgFitness": 165.96283656232708,
    "top10AvgFitness": 309.69917258838376,
    "top25AvgFitness": 282.0810119260142,
    "time": 394.21
}