{
    "bestAvgScore": 99.0,
    "avgScore": 72.83366733466934,
    "bestAvgFitness": 414.3281564930693,
    "avgFitness": 186.98169811580098,
    "top10AvgFitness": 340.69689032742673,
    "top25AvgFitness": 311.7417050672405,
    "time": 412.82
}