{
    "bestAvgScore": 104.5,
    "avgScore": 81.05675,
    "bestAvgFitness": 461.6412167041351,
    "avgFitness": 224.61093496864052,
    "top10AvgFitness": 399.27197977306196,
    "top25AvgFitness": 363.00320126162933,
    "time": 847.83
}