{
    "bestAvgScore": 45.2,
    "avgScore": 19.360899999999997,
    "bestAvgFitness": 117496.16799999999,
    "avgFitness": 23954.465582,
    "top10AvgFitness": 72875.759014,
    "top25AvgFitness": 61418.9762808,
    "time": 339.16
}