{
    "bestAvgScore": 70.8,
    "avgScore": 45.0333,
    "bestAvgFitness": 833341.4028,
    "avgFitness": 328741.723923,
    "top10AvgFitness": 650278.2248519999,
    "top25AvgFitness": 596941.5669711999,
    "time": 725.9
}