{
    "bestAvgScore": 99.0,
    "avgScore": 75.23897795591182,
    "bestAvgFitness": 380.51580836975825,
    "avgFitness": 193.87919240130105,
    "top10AvgFitness": 338.89471176741193,
    "top25AvgFitness": 309.7510610311294,
    "time": 417.63
}