{
    "bestAvgScore": 101.25,
    "avgScore": 74.38076152304609,
    "bestAvgFitness": 418.8862691326733,
    "avgFitness": 180.38487988036889,
    "top10AvgFitness": 344.46249039112,
    "top25AvgFitness": 308.72793847483905,
    "time": 374.53
}