{
    "bestAvgScore": 98.0,
    "avgScore": 73.49699398797596,
    "bestAvgFitness": 385.72129762576196,
    "avgFitness": 177.36061074166568,
    "top10AvgFitness": 318.5717960847284,
    "top25AvgFitness": 293.20776235277475,
    "time": 364.7
}