{
    "bestAvgScore": 74.8,
    "avgScore": 46.1706,
    "bestAvgFitness": 1002452.841,
    "avgFitness": 396819.4952939,
    "top10AvgFitness": 770491.1422960002,
    "top25AvgFitness": 710520.1145368001,
    "time": 766.81
}