{
    "bestAvgScore": 2.5,
    "avgScore": 0.0365,
    "bestAvgFitness": 1.007,
    "avgFitness": 0.009684,
    "top10AvgFitness": 0.19368,
    "top25AvgFitness": 0.077472,
    "time": 4.93
}