{
    "bestAvgScore": 105.5,
    "avgScore": 79.16032064128257,
    "bestAvgFitness": 507.62097052999417,
    "avgFitness": 222.6820464913969,
    "top10AvgFitness": 394.09735466404675,
    "top25AvgFitness": 358.0508586815993,
    "time": 425.49
}