{
    "bestAvgScore": 52.75,
    "avgScore": 39.50075,
    "bestAvgFitness": 37.88976447305377,
    "avgFitness": 17.503003333676855,
    "top10AvgFitness": 32.16854759928684,
    "top25AvgFitness": 29.967067754930707,
    "time": 614.27
}