{
    "bestAvgScore": 99.5,
    "avgScore": 76.7434869739479,
    "bestAvgFitness": 387.1479333683168,
    "avgFitness": 200.8766951735948,
    "top10AvgFitness": 341.50597326144504,
    "top25AvgFitness": 315.28287338294143,
    "time": 421.44
}