{
    "bestAvgScore": 100.5,
    "avgScore": 72.221,
    "bestAvgFitness": 425.9479885148515,
    "avgFitness": 163.26346136553371,
    "top10AvgFitness": 291.89531556904564,
    "top25AvgFitness": 267.34053111312056,
    "time": 755.55
}