{
    "bestAvgScore": 9.75,
    "avgScore": 0.6924616410940627,
    "bestAvgFitness": 1739.79275,
    "avgFitness": 5.961653602401601,
    "top10AvgFitness": 89.60589666666667,
    "top25AvgFitness": 40.28535294117646,
    "time": 40.32
}