{
    "bestAvgScore": 52.8,
    "avgScore": 31.265,
    "bestAvgFitness": 222554.186,
    "avgFitness": 76857.1701572,
    "top10AvgFitness": 162048.019402,
    "top25AvgFitness": 147967.61045599997,
    "time": 471.7
}