{
    "bestAvgScore": 108.0,
    "avgScore": 80.97975,
    "bestAvgFitness": 504.084068364604,
    "avgFitness": 224.8334443070593,
    "top10AvgFitness": 410.0182322673518,
    "top25AvgFitness": 365.8154367614869,
    "time": 842.34
}