{
    "bestAvgScore": 82.6,
    "avgScore": 46.02460000000001,
    "bestAvgFitness": 1914118.0550000002,
    "avgFitness": 665148.5948548,
    "top10AvgFitness": 1440877.0436240002,
    "top25AvgFitness": 1314962.4558167998,
    "time": 873.75
}