{
    "bestAvgScore": 73.2,
    "avgScore": 46.195100000000004,
    "bestAvgFitness": 976122.0371999999,
    "avgFitness": 402786.9162806,
    "top10AvgFitness": 783681.860532,
    "top25AvgFitness": 723921.6550183999,
    "time": 764.27
}