{
    "bestAvgScore": 110.75,
    "avgScore": 82.2935871743487,
    "bestAvgFitness": 595.446587387949,
    "avgFitness": 248.98034564857133,
    "top10AvgFitness": 442.189026170451,
    "top25AvgFitness": 398.19704800113294,
    "time": 452.63
}