{
    "bestAvgScore": 52.75,
    "avgScore": 39.6165,
    "bestAvgFitness": 37.13612806930693,
    "avgFitness": 18.1358827401833,
    "top10AvgFitness": 32.59858002967696,
    "top25AvgFitness": 30.483389599572156,
    "time": 620.48
}