{
    "bestAvgScore": 87.0,
    "avgScore": 56.434869739478955,
    "bestAvgFitness": 234.80295673663363,
    "avgFitness": 21.74842322752355,
    "top10AvgFitness": 132.94888142785283,
    "top25AvgFitness": 103.3656522520263,
    "time": 252.66
}