{
    "bestAvgScore": 19.5,
    "avgScore": 3.6412608405603737,
    "bestAvgFitness": 4724.6075,
    "avgFitness": 146.7216075717145,
    "top10AvgFitness": 1355.8562266666668,
    "top25AvgFitness": 819.7971510695188,
    "time": 62.47
}