{
    "bestAvgScore": 103.0,
    "avgScore": 79.07815631262525,
    "bestAvgFitness": 444.60620112332555,
    "avgFitness": 217.65643019834843,
    "top10AvgFitness": 381.783198131232,
    "top25AvgFitness": 348.9617084954426,
    "time": 435.45
}