{
    "bestAvgScore": 102.5,
    "avgScore": 74.24425,
    "bestAvgFitness": 419.92706530770727,
    "avgFitness": 182.2193622167624,
    "top10AvgFitness": 341.37015740346015,
    "top25AvgFitness": 310.8302691137872,
    "time": 778.16
}