{
    "bestAvgScore": 101.25,
    "avgScore": 79.83867735470942,
    "bestAvgFitness": 414.2155181581684,
    "avgFitness": 214.91662258316825,
    "top10AvgFitness": 369.92736221986706,
    "top25AvgFitness": 341.0209566028484,
    "time": 455.11
}