{
    "bestAvgScore": 104.75,
    "avgScore": 78.42785571142285,
    "bestAvgFitness": 518.969116060959,
    "avgFitness": 216.98975536141654,
    "top10AvgFitness": 378.62408975281124,
    "top25AvgFitness": 342.66905487124217,
    "time": 424.49
}