{
    "bestAvgScore": 108.5,
    "avgScore": 79.68125,
    "bestAvgFitness": 564.6008487425743,
    "avgFitness": 218.06380486130647,
    "top10AvgFitness": 388.29256399228177,
    "top25AvgFitness": 354.09888865214725,
    "time": 838.41
}