{
    "bestAvgScore": 99.75,
    "avgScore": 73.7875751503006,
    "bestAvgFitness": 384.744560119802,
    "avgFitness": 172.9386938256617,
    "top10AvgFitness": 315.247021885459,
    "top25AvgFitness": 287.23760513913936,
    "time": 376.26
}