{
    "bestAvgScore": 2.0,
    "avgScore": 0.0333555703802535,
    "bestAvgFitness": 1.57925,
    "avgFitness": 0.018034689793195464,
    "top10AvgFitness": 0.36045333333333335,
    "top25AvgFitness": 0.1445668449197861,
    "time": 5.24
}