{
    "bestAvgScore": 1.0,
    "avgScore": 0.031062124248496994,
    "bestAvgFitness": 1.0,
    "avgFitness": 0.0035070140280561123,
    "top10AvgFitness": 0.07,
    "top25AvgFitness": 0.028225806451612902,
    "time": 1.37
}