{
    "bestAvgScore": 0.75,
    "avgScore": 0.02905811623246493,
    "bestAvgFitness": 0.5,
    "avgFitness": 0.002004008016032064,
    "top10AvgFitness": 0.04,
    "top25AvgFitness": 0.016129032258064516,
    "time": 1.5
}