{
    "bestAvgScore": 84.8,
    "avgScore": 45.42259999999999,
    "bestAvgFitness": 1920669.3068,
    "avgFitness": 648706.7452635,
    "top10AvgFitness": 1432296.7936840004,
    "top25AvgFitness": 1295419.0454207999,
    "time": 871.0
}