{
    "bestAvgScore": 10.0,
    "avgScore": 0.9994996664442962,
    "bestAvgFitness": 6701.981499999999,
    "avgFitness": 14.87093912608406,
    "top10AvgFitness": 241.88482666666664,
    "top25AvgFitness": 107.84343582887702,
    "time": 43.23
}