{
    "bestAvgScore": 101.5,
    "avgScore": 72.885,
    "bestAvgFitness": 420.13875041584157,
    "avgFitness": 167.7608862273686,
    "top10AvgFitness": 305.90607964113286,
    "top25AvgFitness": 278.051632250998,
    "time": 763.61
}