{
    "bestAvgScore": 10.5,
    "avgScore": 1.71475,
    "bestAvgFitness": 8004.94075,
    "avgFitness": 37.66781875000001,
    "top10AvgFitness": 574.1567550000001,
    "top25AvgFitness": 263.509408,
    "time": 33.73
}