{
    "bestAvgScore": 9.25,
    "avgScore": 2.16575,
    "bestAvgFitness": 2945.96225,
    "avgFitness": 49.630992,
    "top10AvgFitness": 616.73704,
    "top25AvgFitness": 321.327726,
    "time": 37.91
}