{
    "bestAvgScore": 107.75,
    "avgScore": 81.35325,
    "bestAvgFitness": 516.0329868673267,
    "avgFitness": 229.0602834101275,
    "top10AvgFitness": 411.03437622066207,
    "top25AvgFitness": 372.69655229274525,
    "time": 839.17
}