{
    "bestAvgScore": 108.25,
    "avgScore": 80.9695,
    "bestAvgFitness": 526.2347394,
    "avgFitness": 227.55928088809102,
    "top10AvgFitness": 414.03144297679376,
    "top25AvgFitness": 372.58464574441444,
    "time": 842.44
}