{
    "bestAvgScore": 103.5,
    "avgScore": 81.22925,
    "bestAvgFitness": 463.68616845272277,
    "avgFitness": 226.0860061684211,
    "top10AvgFitness": 393.8581269880189,
    "top25AvgFitness": 363.87537149157924,
    "time": 841.16
}