{
    "bestAvgScore": 105.0,
    "avgScore": 82.69488977955912,
    "bestAvgFitness": 489.7705389693069,
    "avgFitness": 252.02551948017884,
    "top10AvgFitness": 422.72719952142904,
    "top25AvgFitness": 391.20977961010414,
    "time": 453.15
}