{
    "bestAvgScore": 1.25,
    "avgScore": 0.07314629258517034,
    "bestAvgFitness": 1.5955,
    "avgFitness": 0.8429969939879759,
    "top10AvgFitness": 1.1447,
    "top25AvgFitness": 1.0605241935483871,
    "time": 2.18
}