{
    "bestAvgScore": 52.25,
    "avgScore": 37.023,
    "bestAvgFitness": 22.134116102941174,
    "avgFitness": 8.278664776563819,
    "top10AvgFitness": 16.550167827027334,
    "top25AvgFitness": 14.886777563696887,
    "time": 335.08
}