{
    "bestAvgScore": 74.0,
    "avgScore": 44.884600000000006,
    "bestAvgFitness": 1026245.0336,
    "avgFitness": 419075.504723,
    "top10AvgFitness": 831084.694142,
    "top25AvgFitness": 768572.2299584001,
    "time": 752.0
}