{
    "bestAvgScore": 64.6,
    "avgScore": 41.45120000000001,
    "bestAvgFitness": 496327.15299999993,
    "avgFitness": 223838.72630419998,
    "top10AvgFitness": 420077.51116399997,
    "top25AvgFitness": 391501.2881984,
    "time": 644.52
}