{
    "bestAvgScore": 106.25,
    "avgScore": 81.01975,
    "bestAvgFitness": 516.9429739326732,
    "avgFitness": 223.12547667986348,
    "top10AvgFitness": 396.0581854924364,
    "top25AvgFitness": 362.879052406282,
    "time": 840.01
}