{
    "bestAvgScore": 104.0,
    "avgScore": 71.14478957915831,
    "bestAvgFitness": 437.3188515292079,
    "avgFitness": 143.57925885639168,
    "top10AvgFitness": 293.00923954726443,
    "top25AvgFitness": 258.02375354597973,
    "time": 351.71
}