{
    "bestAvgScore": 52.0,
    "avgScore": 39.675,
    "bestAvgFitness": 36.014499812376236,
    "avgFitness": 17.346041894470503,
    "top10AvgFitness": 31.269833731519803,
    "top25AvgFitness": 28.983585959294423,
    "time": 592.98
}