{
    "bestAvgScore": 109.5,
    "avgScore": 80.68175,
    "bestAvgFitness": 569.1339691586634,
    "avgFitness": 222.17519382601978,
    "top10AvgFitness": 392.22903840095717,
    "top25AvgFitness": 358.2553101583833,
    "time": 831.46
}