{
    "bestAvgScore": 105.25,
    "avgScore": 82.15781563126252,
    "bestAvgFitness": 497.36490183168314,
    "avgFitness": 241.32092097547033,
    "top10AvgFitness": 418.8303288174196,
    "top25AvgFitness": 385.01539592841897,
    "time": 443.34
}