{
    "bestAvgScore": 99.5,
    "avgScore": 74.77025,
    "bestAvgFitness": 375.804356815099,
    "avgFitness": 171.76080845832487,
    "top10AvgFitness": 306.1777832705582,
    "top25AvgFitness": 277.635464522541,
    "time": 769.61
}