{
    "bestAvgScore": 101.25,
    "avgScore": 72.86422845691382,
    "bestAvgFitness": 384.8874841398515,
    "avgFitness": 163.2651974546882,
    "top10AvgFitness": 298.3293361554266,
    "top25AvgFitness": 270.95424422043067,
    "time": 370.32
}