{
    "bestAvgScore": 76.6,
    "avgScore": 45.5402,
    "bestAvgFitness": 1171119.8266,
    "avgFitness": 432531.0115014,
    "top10AvgFitness": 877870.3093559999,
    "top25AvgFitness": 801056.4197512001,
    "time": 763.38
}