{
    "bestAvgScore": 106.0,
    "avgScore": 83.54108216432866,
    "bestAvgFitness": 504.92973321485147,
    "avgFitness": 246.0310720173569,
    "top10AvgFitness": 420.27989176371943,
    "top25AvgFitness": 387.3873943789706,
    "time": 455.6
}