{
    "bestAvgScore": 107.75,
    "avgScore": 83.39729458917836,
    "bestAvgFitness": 553.3152366664823,
    "avgFitness": 250.79503599988436,
    "top10AvgFitness": 435.540154914454,
    "top25AvgFitness": 393.86737454071744,
    "time": 452.68
}