{
    "bestAvgScore": 107.75,
    "avgScore": 79.50075,
    "bestAvgFitness": 531.3863885287129,
    "avgFitness": 217.4782600960427,
    "top10AvgFitness": 404.7931852072541,
    "top25AvgFitness": 365.5097743386682,
    "time": 818.1
}