{
    "bestAvgScore": 74.2,
    "avgScore": 45.4401,
    "bestAvgFitness": 1117065.1202,
    "avgFitness": 428152.89019450004,
    "top10AvgFitness": 858817.592404,
    "top25AvgFitness": 790330.642616,
    "time": 759.79
}