{
    "bestAvgScore": 98.0,
    "avgScore": 70.11723446893788,
    "bestAvgFitness": 357.9174654455446,
    "avgFitness": 172.54720779956475,
    "top10AvgFitness": 307.342230662184,
    "top25AvgFitness": 284.3334103887974,
    "time": 401.13
}