{
    "bestAvgScore": 56.6,
    "avgScore": 35.475,
    "bestAvgFitness": 283039.6288,
    "avgFitness": 113146.94084270002,
    "top10AvgFitness": 210674.56781,
    "top25AvgFitness": 199214.98679680002,
    "time": 523.32
}