{
    "bestAvgScore": 8.6,
    "avgScore": 0.1511,
    "bestAvgFitness": 2429.4678,
    "avgFitness": 2.3125696999999996,
    "top10AvgFitness": 31.71061999999999,
    "top25AvgFitness": 13.319882399999997,
    "time": 18.65
}