{
    "bestAvgScore": 105.5,
    "avgScore": 81.44088176352706,
    "bestAvgFitness": 524.5805038257425,
    "avgFitness": 245.3328814033576,
    "top10AvgFitness": 418.25270013177465,
    "top25AvgFitness": 383.6197061247979,
    "time": 448.14
}