{
    "bestAvgScore": 52.0,
    "avgScore": 38.95975,
    "bestAvgFitness": 36.556088959619494,
    "avgFitness": 17.95034720882668,
    "top10AvgFitness": 31.945652165414582,
    "top25AvgFitness": 29.77908176676496,
    "time": 623.39
}