{
    "bestAvgScore": 61.6,
    "avgScore": 39.783199999999994,
    "bestAvgFitness": 406846.5705999999,
    "avgFitness": 169257.1000973,
    "top10AvgFitness": 318565.243844,
    "top25AvgFitness": 295709.7858544,
    "time": 599.77
}