{
    "bestAvgScore": 61.0,
    "avgScore": 40.654300000000006,
    "bestAvgFitness": 398993.3916000001,
    "avgFitness": 179947.7459893,
    "top10AvgFitness": 337806.90274,
    "top25AvgFitness": 315378.44411040004,
    "time": 597.66
}