{
    "bestAvgScore": 105.5,
    "avgScore": 83.72194388777555,
    "bestAvgFitness": 522.8021714087944,
    "avgFitness": 254.04054324893508,
    "top10AvgFitness": 435.1004499525918,
    "top25AvgFitness": 396.3363498648304,
    "time": 458.45
}