{
    "bestAvgScore": 100.5,
    "avgScore": 74.66382765531063,
    "bestAvgFitness": 409.45502102896035,
    "avgFitness": 176.8422181144572,
    "top10AvgFitness": 331.98967621082613,
    "top25AvgFitness": 298.61500867939037,
    "time": 376.33
}