{
    "bestAvgScore": 103.75,
    "avgScore": 74.8001002004008,
    "bestAvgFitness": 461.514792006873,
    "avgFitness": 183.1673483450259,
    "top10AvgFitness": 342.36295593310774,
    "top25AvgFitness": 309.17156342044876,
    "time": 371.35
}