{
    "bestAvgScore": 104.75,
    "avgScore": 78.2875751503006,
    "bestAvgFitness": 464.93934186371575,
    "avgFitness": 220.73546265438955,
    "top10AvgFitness": 388.47627566945016,
    "top25AvgFitness": 350.7697499972845,
    "time": 419.0
}