{
    "bestAvgScore": 105.5,
    "avgScore": 82.37675350701403,
    "bestAvgFitness": 492.8336608564356,
    "avgFitness": 243.84054467110772,
    "top10AvgFitness": 423.08375414211827,
    "top25AvgFitness": 389.3537321859226,
    "time": 448.4
}