{
    "bestAvgScore": 109.0,
    "avgScore": 81.487,
    "bestAvgFitness": 516.165301355198,
    "avgFitness": 227.1817798984671,
    "top10AvgFitness": 398.7825174314145,
    "top25AvgFitness": 363.0195876395884,
    "time": 832.85
}