{
    "bestAvgScore": 104.0,
    "avgScore": 78.0035,
    "bestAvgFitness": 451.82118833985146,
    "avgFitness": 208.00571996149912,
    "top10AvgFitness": 370.5101430961269,
    "top25AvgFitness": 339.26073877392355,
    "time": 820.91
}