{
    "bestAvgScore": 52.75,
    "avgScore": 39.80725,
    "bestAvgFitness": 39.142471584158415,
    "avgFitness": 18.147751327596403,
    "top10AvgFitness": 31.601829415475343,
    "top25AvgFitness": 29.602552739968903,
    "time": 621.98
}