{
    "bestAvgScore": 88.25,
    "avgScore": 60.98997995991984,
    "bestAvgFitness": 246.8842973374102,
    "avgFitness": 78.92164933391666,
    "top10AvgFitness": 190.5153357006515,
    "top25AvgFitness": 167.45183947330798,
    "time": 291.01
}