{
    "bestAvgScore": 103.25,
    "avgScore": 79.16683366733467,
    "bestAvgFitness": 436.09151624455444,
    "avgFitness": 216.5418987274126,
    "top10AvgFitness": 370.38631209184024,
    "top25AvgFitness": 336.29989851753083,
    "time": 452.7
}