{
    "bestAvgScore": 105.75,
    "avgScore": 78.685,
    "bestAvgFitness": 504.42876292646577,
    "avgFitness": 211.94379643018075,
    "top10AvgFitness": 398.7327727097698,
    "top25AvgFitness": 355.1999875518352,
    "time": 820.85
}