{
    "bestAvgScore": 99.5,
    "avgScore": 74.14579158316633,
    "bestAvgFitness": 375.79601009803923,
    "avgFitness": 176.03988359026656,
    "top10AvgFitness": 330.2099598391568,
    "top25AvgFitness": 302.79818106034816,
    "time": 376.69
}