{
    "bestAvgScore": 105.75,
    "avgScore": 83.16733466933867,
    "bestAvgFitness": 507.6771875174723,
    "avgFitness": 246.86935359685037,
    "top10AvgFitness": 430.2267372816666,
    "top25AvgFitness": 391.3567094827489,
    "time": 451.01
}