{
    "bestAvgScore": 104.0,
    "avgScore": 78.51175,
    "bestAvgFitness": 462.99181063737626,
    "avgFitness": 206.3290637620015,
    "top10AvgFitness": 374.0367242918918,
    "top25AvgFitness": 343.18136309585856,
    "time": 824.92
}