{
    "bestAvgScore": 57.6,
    "avgScore": 37.9653,
    "bestAvgFitness": 319693.265,
    "avgFitness": 141209.3552168,
    "top10AvgFitness": 261136.95514399995,
    "top25AvgFitness": 244957.8862784,
    "time": 552.66
}