{
    "bestAvgScore": 24.2,
    "avgScore": 7.0524,
    "bestAvgFitness": 22154.128399999998,
    "avgFitness": 1352.7719419,
    "top10AvgFitness": 8916.309527999998,
    "top25AvgFitness": 6122.0660888,
    "time": 165.09
}