{
    "bestAvgScore": 86.75,
    "avgScore": 72.3525641025641,
    "bestAvgFitness": 202.49457558215394,
    "avgFitness": 112.07648771711946,
    "top10AvgFitness": 195.22787315927005,
    "top25AvgFitness": 175.158968699073,
    "time": 30.39
}