{
    "bestAvgScore": 103.25,
    "avgScore": 78.45,
    "bestAvgFitness": 480.5572801299505,
    "avgFitness": 209.6451184135852,
    "top10AvgFitness": 381.7682624120509,
    "top25AvgFitness": 344.7863741054241,
    "time": 816.31
}