{
    "bestAvgScore": 77.5,
    "avgScore": 49.493589743589745,
    "bestAvgFitness": 99.48208675742575,
    "avgFitness": 30.483804091503572,
    "top10AvgFitness": 93.94001206572267,
    "top25AvgFitness": 81.76553186939027,
    "time": 17.86
}