{
    "bestAvgScore": 77.6,
    "avgScore": 45.1006,
    "bestAvgFitness": 1255337.6264,
    "avgFitness": 497876.9886995,
    "top10AvgFitness": 1043525.475102,
    "top25AvgFitness": 953627.8477087999,
    "time": 818.08
}