{
    "bestAvgScore": 1.4,
    "avgScore": 0.0388,
    "bestAvgFitness": 8.1678,
    "avgFitness": 0.1051718,
    "top10AvgFitness": 1.093016,
    "top25AvgFitness": 0.8413744000000001,
    "time": 8.76
}