{
    "bestAvgScore": 8.75,
    "avgScore": 0.7926951300867244,
    "bestAvgFitness": 1276.37425,
    "avgFitness": 7.885587058038692,
    "top10AvgFitness": 123.20308333333334,
    "top25AvgFitness": 54.823062834224594,
    "time": 40.52
}