{
    "bestAvgScore": 108.5,
    "avgScore": 81.39225,
    "bestAvgFitness": 543.3289968405941,
    "avgFitness": 229.20953605264617,
    "top10AvgFitness": 400.9520091261657,
    "top25AvgFitness": 366.09175609550726,
    "time": 842.61
}