{
    "bestAvgScore": 103.5,
    "avgScore": 81.4845,
    "bestAvgFitness": 464.9892328868812,
    "avgFitness": 230.8731627560035,
    "top10AvgFitness": 396.52198802676486,
    "top25AvgFitness": 366.10822400656104,
    "time": 849.03
}