{
    "bestAvgScore": 104.0,
    "avgScore": 79.72995991983969,
    "bestAvgFitness": 457.26712998182876,
    "avgFitness": 231.4118855019819,
    "top10AvgFitness": 409.9844046648818,
    "top25AvgFitness": 383.6337087822447,
    "time": 425.39
}