{
    "bestAvgScore": 98.75,
    "avgScore": 71.6755,
    "bestAvgFitness": 382.96832715717824,
    "avgFitness": 161.8311447158593,
    "top10AvgFitness": 294.916865301588,
    "top25AvgFitness": 271.9825886678625,
    "time": 746.06
}