{
    "bestAvgScore": 57.2,
    "avgScore": 37.2332,
    "bestAvgFitness": 299508.4946,
    "avgFitness": 126753.3121505,
    "top10AvgFitness": 222602.44192800001,
    "top25AvgFitness": 210118.9240432,
    "time": 550.99
}