{
    "bestAvgScore": 98.5,
    "avgScore": 74.16733466933867,
    "bestAvgFitness": 368.63560781930687,
    "avgFitness": 171.69691434795652,
    "top10AvgFitness": 310.4374950678281,
    "top25AvgFitness": 286.5316565837588,
    "time": 411.55
}