{
    "bestAvgScore": 93.75,
    "avgScore": 67.31613226452906,
    "bestAvgFitness": 325.57433254950496,
    "avgFitness": 156.49428337670565,
    "top10AvgFitness": 281.6020778152992,
    "top25AvgFitness": 260.044521222377,
    "time": 379.23
}