{
    "bestAvgScore": 63.4,
    "avgScore": 40.955,
    "bestAvgFitness": 502280.4149999999,
    "avgFitness": 206704.6195668,
    "top10AvgFitness": 383999.8788040001,
    "top25AvgFitness": 359390.06049759994,
    "time": 628.92
}