{
    "bestAvgScore": 13.5,
    "avgScore": 2.826,
    "bestAvgFitness": 4962.95925,
    "avgFitness": 107.86595425000003,
    "top10AvgFitness": 1136.3661499999998,
    "top25AvgFitness": 646.55629,
    "time": 45.8
}