{
    "bestAvgScore": 62.0,
    "avgScore": 41.2498,
    "bestAvgFitness": 433545.7984,
    "avgFitness": 201777.9704415,
    "top10AvgFitness": 361183.38802600006,
    "top25AvgFitness": 343053.917524,
    "time": 653.3
}