{
    "bestAvgScore": 8.0,
    "avgScore": 0.24875,
    "bestAvgFitness": 3648.5905,
    "avgFitness": 4.917687999999999,
    "top10AvgFitness": 82.711455,
    "top25AvgFitness": 33.74712600000001,
    "time": 11.69
}