{
    "bestAvgScore": 69.0,
    "avgScore": 44.3579,
    "bestAvgFitness": 694824.4001999999,
    "avgFitness": 283320.0432607,
    "top10AvgFitness": 523148.64685599995,
    "top25AvgFitness": 488436.4584856,
    "time": 699.55
}