{
    "bestAvgScore": 99.25,
    "avgScore": 72.525,
    "bestAvgFitness": 357.99781430693065,
    "avgFitness": 162.5697256336098,
    "top10AvgFitness": 294.7548854342982,
    "top25AvgFitness": 267.2729600833815,
    "time": 744.17
}