{
    "bestAvgScore": 3.2,
    "avgScore": 0.10820000000000002,
    "bestAvgFitness": 142.0162,
    "avgFitness": 0.9548494000000001,
    "top10AvgFitness": 4.855074,
    "top25AvgFitness": 2.5492048,
    "time": 17.71
}