{
    "bestAvgScore": 102.5,
    "avgScore": 72.57815631262525,
    "bestAvgFitness": 420.3661006012376,
    "avgFitness": 164.72734329222197,
    "top10AvgFitness": 295.458381375884,
    "top25AvgFitness": 266.58687087181664,
    "time": 361.92
}