{
    "bestAvgScore": 101.0,
    "avgScore": 80.10521042084169,
    "bestAvgFitness": 414.675540990099,
    "avgFitness": 217.33188525824139,
    "top10AvgFitness": 358.49080818521435,
    "top25AvgFitness": 329.8910870270568,
    "time": 434.42
}