{
    "bestAvgScore": 104.75,
    "avgScore": 81.7379759519038,
    "bestAvgFitness": 495.32866760396035,
    "avgFitness": 242.51218920361396,
    "top10AvgFitness": 418.82537428563404,
    "top25AvgFitness": 383.8534388893398,
    "time": 447.48
}