{
    "bestAvgScore": 25.2,
    "avgScore": 7.856,
    "bestAvgFitness": 22599.3884,
    "avgFitness": 1690.9287816,
    "top10AvgFitness": 10372.965737999999,
    "top25AvgFitness": 7212.3742096,
    "time": 166.22
}