{
    "bestAvgScore": 102.75,
    "avgScore": 73.5255511022044,
    "bestAvgFitness": 454.91957060294123,
    "avgFitness": 174.82976707191733,
    "top10AvgFitness": 342.3559017052937,
    "top25AvgFitness": 304.7801075869587,
    "time": 367.4
}