{
    "highScore": 3.0,
    "scores": [
        3.0,
        3.0,
        3.0,
        3.0,
        2.0,
        2.0,
        2.0,
        2.0,
        2.0,
        2.0,
        2.0,
        2.0,
        2.0,
        2.0,
        2.0,
        2.0,
        2.0,
        1.0,
        1.0,
        1.0,
        1.0,
        1.0,
        1.0,
        1.0,
        1.0,
        1.0,
        1.0,
        1.0,
        1.0,
        1.0,
        1.0,
        1.0,
        1.0,
        1.0,
        1.0,
        1.0,
        1.0,
        1.0,
        1.0,
        1.0,
        1.0,
        1.0,
        1.0,
        1.0,
        1.0,
        1.0,
        1.0,
        1.0,
        1.0,
        1.0,
        1.0,
        1.0,
        1.0,
        1.0,
        1.0,
        1.0,
        1.0,
        1.0,
        1.0,
        1.0,
        1.0,
        1.0,
        1.0,
        1.0,
        1.0,
        1.0,
        1.0,
        1.0,
        1.0,
        1.0,
        1.0,
        1.0,
        1.0,
        1.0,
        1.0,
        0.0,
        0.0,
        0.0,
        0.0,
        0.0,
        0.0,
        0.0,
        0.0,
        0.0,
        0.0,
        0.0,
        0.0,
        0.0,
        0.0,
        0.0,
        0.0,
        0.0,
        0.0,
        0.0,
        0.0,
        0.0,
        0.0,
        0.0,
        0.0,
        0.0,
        0.0,
        0.0,
        0.0,
        0.0,
        0.0,
        0.0,
        0.0,
        0.0,
        0.0,
        0.0
    ],
    "fitnesses": [
        1.3165,
        1.159,
        1.1440000000000001,
        1.086,
        1.0715,
        1.064,
        1.06075,
        1.056,
        1.056,
        1.054,
        1.04875,
        1.048,
        1.048,
        1.036,
        1.0220000000000002,
        1.02075,
        1.02025,
        1.018,
        1.017,
        1.0165000000000002,
        1.016,
        1.0150000000000001,
        1.0150000000000001,
        1.0130000000000001,
        1.013,
        1.0125000000000002,
        1.0117500000000001,
        1.0115,
        1.0110000000000001,
        1.0105,
        1.0105,
        1.00925,
        1.0085,
        1.008,
        1.008,
        1.0075,
        1.0070000000000001,
        1.007,
        1.0065,
        1.0065,
        1.0065,
        1.006,
        1.006,
        1.006,
        1.006,
        1.006,
        1.006,
        1.00575,
        1.0055,
        1.0055,
        1.0055,
        1.0055,
        1.0055,
        1.0055,
        1.005,
        1.005,
        1.005,
        1.0045,
        1.0042499999999999,
        1.0042499999999999,
        1.004,
        1.00375,
        1.0035,
        1.0035,
        1.0030000000000001,
        1.0030000000000001,
        1.0,
        1.0,
        1.0,
        1.0,
        1.0,
        1.0,
        1.0,
        1.0,
        1.0,
        1.0,
        1.0,
        1.0,
        1.0,
        1.0,
        1.0,
        1.0,
        1.0,
        1.0,
        1.0,
        1.0,
        1.0,
        1.0,
        1.0,
        1.0,
        1.0,
        1.0,
        1.0,
        1.0,
        0.8065,
        0.76,
        0.75,
        0.583,
        0.28,
        0.26425,
        0.2545,
        0.25425,
        0.253,
        0.0,
        0.0,
        0.0,
        0.0,
        0.0,
        0.0,
        0.0
    ],
    "time": 6.99
}