{
    "bestAvgScore": 26.6,
    "avgScore": 6.3188,
    "bestAvgFitness": 23445.0662,
    "avgFitness": 1229.8933597,
    "top10AvgFitness": 9469.96767,
    "top25AvgFitness": 6133.649398399999,
    "time": 150.32
}