{
    "bestAvgScore": 55.6,
    "avgScore": 36.8568,
    "bestAvgFitness": 265080.858,
    "avgFitness": 123289.34231310002,
    "top10AvgFitness": 219526.22737000004,
    "top25AvgFitness": 207459.48325120003,
    "time": 544.51
}