{
    "bestAvgScore": 5.0,
    "avgScore": 0.059,
    "bestAvgFitness": 226.5705,
    "avgFitness": 0.41839175,
    "top10AvgFitness": 5.571319999999999,
    "top25AvgFitness": 2.8285280000000004,
    "time": 6.69
}