{
    "bestAvgScore": 98.0,
    "avgScore": 70.75901803607215,
    "bestAvgFitness": 421.75732835816837,
    "avgFitness": 177.9999586193583,
    "top10AvgFitness": 331.222001948744,
    "top25AvgFitness": 298.3402226892789,
    "time": 411.75
}