{
    "bestAvgScore": 107.25,
    "avgScore": 78.22394789579158,
    "bestAvgFitness": 546.8702560326733,
    "avgFitness": 220.44511551434363,
    "top10AvgFitness": 388.78967431528423,
    "top25AvgFitness": 357.49696129862843,
    "time": 421.35
}