{
    "bestAvgScore": 100.25,
    "avgScore": 77.99799599198397,
    "bestAvgFitness": 405.3996494512376,
    "avgFitness": 211.7929769252153,
    "top10AvgFitness": 362.26809909391164,
    "top25AvgFitness": 334.37425551528617,
    "time": 423.79
}