{
    "bestAvgScore": 14.75,
    "avgScore": 3.79275,
    "bestAvgFitness": 12103.287,
    "avgFitness": 285.54643875000005,
    "top10AvgFitness": 3299.885205,
    "top25AvgFitness": 1728.6916140000003,
    "time": 55.62
}