{
    "bestAvgScore": 50.75,
    "avgScore": 18.44425,
    "bestAvgFitness": 16.879207967384975,
    "avgFitness": 1.2983369846197246,
    "top10AvgFitness": 8.509643845080056,
    "top25AvgFitness": 5.964788476508687,
    "time": 192.88
}