{
    "bestAvgScore": 2.5,
    "avgScore": 0.04386257505003335,
    "bestAvgFitness": 1.06425,
    "avgFitness": 0.06685106737825215,
    "top10AvgFitness": 0.9740266666666666,
    "top25AvgFitness": 0.5358810160427807,
    "time": 6.62
}