{
    "bestAvgScore": 52.5,
    "avgScore": 39.5515,
    "bestAvgFitness": 36.80038565,
    "avgFitness": 18.045475160923992,
    "top10AvgFitness": 32.239385787650555,
    "top25AvgFitness": 29.905445421417276,
    "time": 624.62
}