{
    "bestAvgScore": 77.8,
    "avgScore": 44.2885,
    "bestAvgFitness": 1579661.719,
    "avgFitness": 510120.65480869997,
    "top10AvgFitness": 1139051.5311880002,
    "top25AvgFitness": 1031132.7649472,
    "time": 825.75
}