{
    "bestAvgScore": 82.25,
    "avgScore": 65.31410256410257,
    "bestAvgFitness": 168.30705785599883,
    "avgFitness": 99.64543534071997,
    "top10AvgFitness": 164.60777715782615,
    "top25AvgFitness": 152.73625900090275,
    "time": 27.05
}