{
    "bestAvgScore": 13.5,
    "avgScore": 2.7016344229486324,
    "bestAvgFitness": 2215.07475,
    "avgFitness": 78.84390193462308,
    "top10AvgFitness": 793.6255233333335,
    "top25AvgFitness": 473.4977620320856,
    "time": 56.08
}