{
    "bestAvgScore": 104.5,
    "avgScore": 71.9564128256513,
    "bestAvgFitness": 452.8165556160357,
    "avgFitness": 185.34922778807498,
    "top10AvgFitness": 340.4609795807105,
    "top25AvgFitness": 306.82738457494133,
    "time": 399.65
}