{
    "bestAvgScore": 108.25,
    "avgScore": 79.75150300601203,
    "bestAvgFitness": 490.31087153202293,
    "avgFitness": 230.89653330093384,
    "top10AvgFitness": 412.5022011626242,
    "top25AvgFitness": 373.20242050118776,
    "time": 427.24
}