{
    "highScore": 209.0,
    "scores": [
        209.0,
        174.0,
        157.0,
        147.0,
        145.0,
        126.0,
        122.0,
        118.0,
        115.0,
        112.0,
        104.0,
        100.0,
        99.0,
        98.0,
        96.0,
        93.0,
        93.0,
        88.0,
        84.0,
        79.0,
        79.0,
        77.0,
        76.0,
        74.0,
        73.0,
        73.0,
        73.0,
        72.0,
        72.0,
        71.0,
        68.0,
        68.0,
        66.0,
        66.0,
        66.0,
        65.0,
        65.0,
        65.0,
        63.0,
        63.0,
        62.0,
        61.0,
        60.0,
        60.0,
        59.0,
        57.0,
        57.0,
        55.0,
        54.0,
        53.0,
        53.0,
        52.0,
        52.0,
        50.0,
        49.0,
        47.0,
        46.0,
        45.0,
        45.0,
        45.0,
        44.0,
        43.0,
        41.0,
        39.0,
        39.0,
        38.0,
        37.0,
        35.0,
        34.0,
        33.0,
        31.0,
        31.0,
        29.0,
        28.0,
        28.0,
        28.0,
        27.0,
        26.0,
        26.0,
        26.0,
        26.0,
        26.0,
        25.0,
        25.0,
        22.0,
        22.0,
        22.0,
        22.0,
        19.0,
        19.0,
        17.0,
        12.0,
        11.0,
        7.0,
        7.0,
        5.0,
        2.0,
        1.0,
        1.0
    ],
    "fitnesses": [
        1.0020554750477109,
        1.0019978273306245,
        1.0018200713238932,
        1.0013563588186976,
        1.0013236713943745,
        1.0008627775155707,
        1.0008145456216244,
        1.0007511193007932,
        1.000724228358791,
        1.0007122214120352,
        1.0007102354524802,
        1.000588094692237,
        1.0005810444484127,
        1.0004926056997807,
        1.0004463405662696,
        1.0004180142278665,
        1.0004108706805612,
        1.0004097925222497,
        1.0003925812753867,
        1.0003853117876744,
        1.000351215960534,
        1.0003358210861801,
        1.000320444330229,
        1.0003200364645377,
        1.000313002849807,
        1.0003097586912426,
        1.0002961487961606,
        1.00028909590105,
        1.0002676138065973,
        1.00026555709086,
        1.0002557816721656,
        1.000237075618658,
        1.0002330340166363,
        1.0002229331659398,
        1.0001990286439286,
        1.0001950784610965,
        1.0001776377926948,
        1.000170992255224,
        1.0001694920262516,
        1.0001523724650807,
        1.0001480376988312,
        1.0001309200262563,
        1.0001190434620628,
        1.0001102114506033,
        1.0001013808731287,
        1.0000955781855227,
        1.0000915111132507,
        1.0000668981481482,
        1.0000536106110236,
        1.0000363326833455,
        1.0000361172353032,
        1.0000161784621466,
        1.000015629984051,
        1.0000037776871857,
        1.0000021916658597,
        1.000001510160662,
        0.6680578819278066,
        0.667732990572305,
        0.6675201125471574,
        0.6673107283864038,
        0.6672040542126755,
        0.667105339548101,
        0.6670361368083325,
        0.6668474155411211,
        0.6668399849436355,
        0.6668026339936404,
        0.6667849691532622,
        0.666771468750218,
        0.6667460508978881,
        0.6666713763100652,
        0.33407563727538653,
        0.33395975378787873,
        0.3339126310534199,
        0.3334609064404983,
        0.33342140872296727,
        0.3333949427214306,
        0.0,
        0.0,
        0.0,
        0.0,
        0.0,
        0.0,
        0.0,
        0.0,
        0.0,
        0.0,
        0.0,
        0.0,
        0.0,
        0.0,
        0.0,
        0.0,
        0.0,
        0.0,
        0.0,
        0.0,
        0.0,
        0.0,
        0.0
    ],
    "time": 958.27
}