{
    "bestAvgScore": 53.25,
    "avgScore": 37.42575,
    "bestAvgFitness": 30.16974333770142,
    "avgFitness": 10.330165264571388,
    "top10AvgFitness": 21.62550557793993,
    "top25AvgFitness": 19.165195155935137,
    "time": 383.7
}