{
    "bestAvgScore": 103.5,
    "avgScore": 75.54,
    "bestAvgFitness": 445.1375525495049,
    "avgFitness": 187.17106582826875,
    "top10AvgFitness": 342.0817800050235,
    "top25AvgFitness": 309.42312234001594,
    "time": 794.63
}