{
    "bestAvgScore": 100.25,
    "avgScore": 70.1432865731463,
    "bestAvgFitness": 405.7588634792079,
    "avgFitness": 174.3714498938815,
    "top10AvgFitness": 325.35124754431,
    "top25AvgFitness": 288.174947097068,
    "time": 395.61
}