{
    "bestAvgScore": 103.5,
    "avgScore": 78.58617234468937,
    "bestAvgFitness": 492.99193965445545,
    "avgFitness": 212.64799860881354,
    "top10AvgFitness": 377.67897216094093,
    "top25AvgFitness": 343.3312823383434,
    "time": 423.68
}