{
    "bestAvgScore": 2.25,
    "avgScore": 0.037691794529686455,
    "bestAvgFitness": 1.012,
    "avgFitness": 0.01758238825883923,
    "top10AvgFitness": 0.35141333333333336,
    "top25AvgFitness": 0.14094117647058824,
    "time": 5.27
}