{
    "bestAvgScore": 70.2,
    "avgScore": 45.3597,
    "bestAvgFitness": 792024.2514000001,
    "avgFitness": 348857.7826105,
    "top10AvgFitness": 679651.160832,
    "top25AvgFitness": 630343.8779567999,
    "time": 734.43
}