{
    "bestAvgScore": 102.0,
    "avgScore": 77.94488977955912,
    "bestAvgFitness": 439.9803465594059,
    "avgFitness": 207.1671574276351,
    "top10AvgFitness": 365.84693268942095,
    "top25AvgFitness": 333.8088737282596,
    "time": 434.25
}