{
    "bestAvgScore": 52.75,
    "avgScore": 39.013,
    "bestAvgFitness": 36.009133737623756,
    "avgFitness": 15.87899132788647,
    "top10AvgFitness": 29.003414032016114,
    "top25AvgFitness": 26.665000087988155,
    "time": 561.36
}