{
    "bestAvgScore": 9.5,
    "avgScore": 0.39976651100733823,
    "bestAvgFitness": 409.49225,
    "avgFitness": 2.7605440293529018,
    "top10AvgFitness": 36.95808666666667,
    "top25AvgFitness": 16.22894919786096,
    "time": 32.19
}