{
    "bestAvgScore": 58.2,
    "avgScore": 38.4081,
    "bestAvgFitness": 311241.1876,
    "avgFitness": 147149.1767006,
    "top10AvgFitness": 265456.30908599996,
    "top25AvgFitness": 251513.79870559997,
    "time": 565.12
}