{
    "bestAvgScore": 64.8,
    "avgScore": 41.89770000000001,
    "bestAvgFitness": 533499.4469999999,
    "avgFitness": 221427.17030509998,
    "top10AvgFitness": 404227.4988859999,
    "top25AvgFitness": 379054.1789216,
    "time": 641.62
}