{
    "bestAvgScore": 74.6,
    "avgScore": 45.551300000000005,
    "bestAvgFitness": 994443.619,
    "avgFitness": 377446.9761975001,
    "top10AvgFitness": 741767.0496739999,
    "top25AvgFitness": 686327.8907672,
    "time": 757.48
}