{
    "bestAvgScore": 107.0,
    "avgScore": 81.19338677354709,
    "bestAvgFitness": 531.9277471534654,
    "avgFitness": 243.71272635145334,
    "top10AvgFitness": 426.0870711174107,
    "top25AvgFitness": 392.6692440250212,
    "time": 445.57
}