{
    "bestAvgScore": 70.0,
    "avgScore": 44.5517,
    "bestAvgFitness": 789278.8372000001,
    "avgFitness": 327985.0545445,
    "top10AvgFitness": 647405.0774920001,
    "top25AvgFitness": 601318.9072672,
    "time": 715.27
}