{
    "bestAvgScore": 103.75,
    "avgScore": 79.74198396793587,
    "bestAvgFitness": 430.3924911693069,
    "avgFitness": 218.80999980263303,
    "top10AvgFitness": 381.3296249193898,
    "top25AvgFitness": 345.43845690175795,
    "time": 427.35
}