{
    "bestAvgScore": 2.5,
    "avgScore": 0.05720480320213476,
    "bestAvgFitness": 3.9859999999999998,
    "avgFitness": 0.1697643428952635,
    "top10AvgFitness": 1.12411,
    "top25AvgFitness": 1.0497874331550803,
    "time": 8.09
}