{
    "bestAvgScore": 61.6,
    "avgScore": 41.5328,
    "bestAvgFitness": 408978.0376,
    "avgFitness": 199753.09421679997,
    "top10AvgFitness": 353759.110838,
    "top25AvgFitness": 333429.70866079995,
    "time": 624.55
}