{
    "bestAvgScore": 52.75,
    "avgScore": 39.31525,
    "bestAvgFitness": 36.92770670792079,
    "avgFitness": 17.782219522072076,
    "top10AvgFitness": 31.926229673255385,
    "top25AvgFitness": 29.628774874485455,
    "time": 616.29
}