{
    "bestAvgScore": 78.2,
    "avgScore": 43.8266,
    "bestAvgFitness": 1451874.0808,
    "avgFitness": 519383.4808118,
    "top10AvgFitness": 1146790.4346099999,
    "top25AvgFitness": 1035224.2381991999,
    "time": 831.19
}