{
    "bestAvgScore": 14.25,
    "avgScore": 0.08675,
    "bestAvgFitness": 2.46475,
    "avgFitness": 0.334862,
    "top10AvgFitness": 1.0636400000000001,
    "top25AvgFitness": 1.025874,
    "time": 6.94
}