{
    "bestAvgScore": 88.5,
    "avgScore": 63.56212424849699,
    "bestAvgFitness": 271.4351781875421,
    "avgFitness": 91.79360027445757,
    "top10AvgFitness": 214.9409222532287,
    "top25AvgFitness": 184.89746795686187,
    "time": 311.5
}