{
    "bestAvgScore": 100.25,
    "avgScore": 76.46543086172345,
    "bestAvgFitness": 416.03092988145016,
    "avgFitness": 201.96992898584415,
    "top10AvgFitness": 347.4942042960395,
    "top25AvgFitness": 321.1286365602177,
    "time": 446.23
}