{
    "bestAvgScore": 52.0,
    "avgScore": 37.5615,
    "bestAvgFitness": 24.025343368763345,
    "avgFitness": 10.05121558105794,
    "top10AvgFitness": 19.792355280880347,
    "top25AvgFitness": 17.889981997690565,
    "time": 374.09
}