{
    "bestAvgScore": 66.2,
    "avgScore": 41.787600000000005,
    "bestAvgFitness": 610713.0758,
    "avgFitness": 235416.6978231,
    "top10AvgFitness": 455469.57876400003,
    "top25AvgFitness": 418834.17604479997,
    "time": 655.76
}