{
    "bestAvgScore": 105.5,
    "avgScore": 80.69075,
    "bestAvgFitness": 505.2905862332557,
    "avgFitness": 226.39869862287435,
    "top10AvgFitness": 400.2636527366418,
    "top25AvgFitness": 367.894211229618,
    "time": 840.6
}