{
    "bestAvgScore": 106.25,
    "avgScore": 73.34769539078157,
    "bestAvgFitness": 517.2254165749999,
    "avgFitness": 174.20931788601743,
    "top10AvgFitness": 331.75485175558714,
    "top25AvgFitness": 296.00689958122643,
    "time": 364.03
}