{
    "bestAvgScore": 101.5,
    "avgScore": 77.408,
    "bestAvgFitness": 443.9037927455445,
    "avgFitness": 195.29178273237585,
    "top10AvgFitness": 350.30555016407567,
    "top25AvgFitness": 318.7013012187394,
    "time": 797.22
}