{
    "bestAvgScore": 2.2,
    "avgScore": 0.08499999999999999,
    "bestAvgFitness": 33.300200000000004,
    "avgFitness": 0.5884843000000001,
    "top10AvgFitness": 2.0127580000000003,
    "top25AvgFitness": 1.4066600000000002,
    "time": 18.91
}