{
    "bestAvgScore": 4.0,
    "avgScore": 0.09475,
    "bestAvgFitness": 38.540749999999996,
    "avgFitness": 0.3949015,
    "top10AvgFitness": 2.2822949999999995,
    "top25AvgFitness": 1.5143319999999998,
    "time": 8.52
}