{
    "bestAvgScore": 103.25,
    "avgScore": 79.53907815631263,
    "bestAvgFitness": 441.6234842230246,
    "avgFitness": 221.17055866788343,
    "top10AvgFitness": 380.69910834692195,
    "top25AvgFitness": 346.167925115844,
    "time": 463.37
}