{
    "bestAvgScore": 106.0,
    "avgScore": 78.1085,
    "bestAvgFitness": 504.3175047688119,
    "avgFitness": 208.5160175567892,
    "top10AvgFitness": 380.2726902243478,
    "top25AvgFitness": 347.01686734830054,
    "time": 814.3
}