{
    "bestAvgScore": 1.5,
    "avgScore": 0.057615230460921846,
    "bestAvgFitness": 9.69175,
    "avgFitness": 0.8104243486973948,
    "top10AvgFitness": 1.3769799999999999,
    "top25AvgFitness": 1.153850806451613,
    "time": 1.76
}