{
    "bestAvgScore": 42.8,
    "avgScore": 16.1971,
    "bestAvgFitness": 108087.768,
    "avgFitness": 15204.550457,
    "top10AvgFitness": 57122.817968,
    "top25AvgFitness": 47385.0334792,
    "time": 288.06
}