{
    "bestAvgScore": 10.25,
    "avgScore": 2.201,
    "bestAvgFitness": 5054.93875,
    "avgFitness": 49.327195499999995,
    "top10AvgFitness": 612.64998,
    "top25AvgFitness": 311.60000799999995,
    "time": 39.25
}