{
    "bestAvgScore": 102.75,
    "avgScore": 73.55911823647294,
    "bestAvgFitness": 426.64708496831685,
    "avgFitness": 167.0405465312439,
    "top10AvgFitness": 324.14217337002157,
    "top25AvgFitness": 285.9624593786817,
    "time": 376.23
}