{
    "bestAvgScore": 58.0,
    "avgScore": 38.0226,
    "bestAvgFitness": 293672.8614,
    "avgFitness": 138706.92470749997,
    "top10AvgFitness": 258364.921738,
    "top25AvgFitness": 241136.3284584,
    "time": 556.74
}