{
    "bestAvgScore": 1.0,
    "avgScore": 0.03356713426853707,
    "bestAvgFitness": 0.253,
    "avgFitness": 0.0010080160320641283,
    "top10AvgFitness": 0.02012,
    "top25AvgFitness": 0.008112903225806451,
    "time": 1.5
}