{
    "bestAvgScore": 1.25,
    "avgScore": 0.04125,
    "bestAvgFitness": 1.10325,
    "avgFitness": 0.05135075000000001,
    "top10AvgFitness": 0.921195,
    "top25AvgFitness": 0.41080600000000006,
    "time": 4.83
}