{
    "bestAvgScore": 101.25,
    "avgScore": 79.90681362725451,
    "bestAvgFitness": 428.1248443700495,
    "avgFitness": 213.04295886313847,
    "top10AvgFitness": 359.40392828544924,
    "top25AvgFitness": 329.8973519820913,
    "time": 424.16
}