{
    "bestAvgScore": 49.25,
    "avgScore": 31.535,
    "bestAvgFitness": 19.714583521888954,
    "avgFitness": 5.840886467845432,
    "top10AvgFitness": 13.987186382790988,
    "top25AvgFitness": 12.114377014649923,
    "time": 306.67
}