{
    "bestAvgScore": 52.25,
    "avgScore": 39.75325,
    "bestAvgFitness": 35.457623354702974,
    "avgFitness": 17.16586152703961,
    "top10AvgFitness": 31.109819813126773,
    "top25AvgFitness": 28.821233090041932,
    "time": 593.63
}