{
    "bestAvgScore": 57.6,
    "avgScore": 37.8629,
    "bestAvgFitness": 286672.3778,
    "avgFitness": 131744.67594359998,
    "top10AvgFitness": 237093.36484399997,
    "top25AvgFitness": 221612.2761576,
    "time": 553.29
}