{
    "bestAvgScore": 99.0,
    "avgScore": 72.95440881763527,
    "bestAvgFitness": 420.39870480321787,
    "avgFitness": 190.35719538295953,
    "top10AvgFitness": 333.4725615828477,
    "top25AvgFitness": 304.72768571126954,
    "time": 440.7
}