{
    "bestAvgScore": 84.4,
    "avgScore": 44.772,
    "bestAvgFitness": 1933995.2284000001,
    "avgFitness": 636461.9500216,
    "top10AvgFitness": 1424428.3563419997,
    "top25AvgFitness": 1294532.900256,
    "time": 858.74
}