{
    "bestAvgScore": 21.0,
    "avgScore": 2.9594,
    "bestAvgFitness": 14960.128600000002,
    "avgFitness": 202.92724349999997,
    "top10AvgFitness": 2523.3783780000003,
    "top25AvgFitness": 1357.1335184000002,
    "time": 95.85
}