{
    "bestAvgScore": 21.0,
    "avgScore": 5.840199999999999,
    "bestAvgFitness": 17021.541999999998,
    "avgFitness": 997.1307004000001,
    "top10AvgFitness": 7819.654916000002,
    "top25AvgFitness": 5143.788668,
    "time": 144.37
}