{
    "bestAvgScore": 106.5,
    "avgScore": 82.317,
    "bestAvgFitness": 496.14825952277226,
    "avgFitness": 231.67566487927522,
    "top10AvgFitness": 395.6495623730632,
    "top25AvgFitness": 362.4774386600721,
    "time": 855.65
}