{
    "bestAvgScore": 84.0,
    "avgScore": 46.0747,
    "bestAvgFitness": 1826988.5267999999,
    "avgFitness": 666632.7657676999,
    "top10AvgFitness": 1472758.9051919999,
    "top25AvgFitness": 1342883.9808775997,
    "time": 904.57
}