{
    "bestAvgScore": 103.0,
    "avgScore": 79.0375751503006,
    "bestAvgFitness": 443.1720791802563,
    "avgFitness": 219.88224270543967,
    "top10AvgFitness": 387.09600298341024,
    "top25AvgFitness": 353.49567193179985,
    "time": 427.52
}