{
    "bestAvgScore": 1.5,
    "avgScore": 0.11422845691382766,
    "bestAvgFitness": 3.3205,
    "avgFitness": 0.884431863727455,
    "top10AvgFitness": 1.5471200000000003,
    "top25AvgFitness": 1.2456129032258065,
    "time": 4.44
}