{
    "bestAvgScore": 9.5,
    "avgScore": 0.9745,
    "bestAvgFitness": 1224.0905,
    "avgFitness": 12.285619249999998,
    "top10AvgFitness": 185.77657,
    "top25AvgFitness": 87.74831999999999,
    "time": 28.8
}