{
    "bestAvgScore": 50.5,
    "avgScore": 25.90675,
    "bestAvgFitness": 16.710064658313918,
    "avgFitness": 4.254332868969214,
    "top10AvgFitness": 11.72377850266416,
    "top25AvgFitness": 9.889479188468876,
    "time": 270.23
}