{
    "bestAvgScore": 96.75,
    "avgScore": 69.10771543086172,
    "bestAvgFitness": 408.6124066094492,
    "avgFitness": 166.5250505041185,
    "top10AvgFitness": 320.15358920531816,
    "top25AvgFitness": 286.5486473478734,
    "time": 384.43
}