{
    "bestAvgScore": 52.75,
    "avgScore": 39.612,
    "bestAvgFitness": 36.840065283168315,
    "avgFitness": 15.618168698266329,
    "top10AvgFitness": 29.77350556485032,
    "top25AvgFitness": 27.188499570174056,
    "time": 545.28
}