{
    "bestAvgScore": 103.75,
    "avgScore": 77.827,
    "bestAvgFitness": 462.65714810667595,
    "avgFitness": 206.35219939957602,
    "top10AvgFitness": 374.47313558488224,
    "top25AvgFitness": 341.54523246142304,
    "time": 816.78
}