{
    "bestAvgScore": 61.8,
    "avgScore": 41.8154,
    "bestAvgFitness": 408051.5796,
    "avgFitness": 200516.03310889998,
    "top10AvgFitness": 351210.59572200006,
    "top25AvgFitness": 332921.41715279996,
    "time": 623.3
}