{
    "bestAvgScore": 67.6,
    "avgScore": 44.6835,
    "bestAvgFitness": 630271.4126,
    "avgFitness": 282637.0051575,
    "top10AvgFitness": 520602.03642,
    "top25AvgFitness": 485782.64922960004,
    "time": 693.59
}