{
    "bestAvgScore": 100.25,
    "avgScore": 73.368,
    "bestAvgFitness": 404.6595949634585,
    "avgFitness": 171.46058008330286,
    "top10AvgFitness": 308.92199554348434,
    "top25AvgFitness": 281.1930563845815,
    "time": 817.64
}