{
    "bestAvgScore": 109.25,
    "avgScore": 80.97475,
    "bestAvgFitness": 561.3483358168316,
    "avgFitness": 224.62959773275568,
    "top10AvgFitness": 392.8841595806898,
    "top25AvgFitness": 360.38533672904214,
    "time": 851.23
}