{
    "bestAvgScore": 15.2,
    "avgScore": 1.7723000000000002,
    "bestAvgFitness": 10285.956,
    "avgFitness": 50.4254781,
    "top10AvgFitness": 743.096918,
    "top25AvgFitness": 356.13621520000004,
    "time": 80.56
}