{
    "bestAvgScore": 107.5,
    "avgScore": 82.67484969939879,
    "bestAvgFitness": 527.3760153339158,
    "avgFitness": 248.84982149978228,
    "top10AvgFitness": 445.6520411330464,
    "top25AvgFitness": 401.83325913649304,
    "time": 454.93
}