{
    "bestAvgScore": 81.8,
    "avgScore": 44.066199999999995,
    "bestAvgFitness": 1741864.3487999998,
    "avgFitness": 555456.7905433,
    "top10AvgFitness": 1265319.0319919998,
    "top25AvgFitness": 1134220.0883888002,
    "time": 834.85
}