{
    "bestAvgScore": 105.75,
    "avgScore": 81.14025,
    "bestAvgFitness": 491.20471584901964,
    "avgFitness": 231.53130213762998,
    "top10AvgFitness": 411.5962414104189,
    "top25AvgFitness": 376.45186259928494,
    "time": 847.85
}