{
    "bestAvgScore": 48.4,
    "avgScore": 23.017400000000002,
    "bestAvgFitness": 148336.6944,
    "avgFitness": 35485.3837326,
    "top10AvgFitness": 100327.45001799999,
    "top25AvgFitness": 87208.33836159999,
    "time": 376.49
}