{
    "bestAvgScore": 2.0,
    "avgScore": 0.043028685790527016,
    "bestAvgFitness": 1.715,
    "avgFitness": 0.039359739826551034,
    "top10AvgFitness": 0.7833366666666667,
    "top25AvgFitness": 0.3155093582887701,
    "time": 5.45
}