{
    "bestAvgScore": 109.25,
    "avgScore": 80.90180360721443,
    "bestAvgFitness": 555.2031795792079,
    "avgFitness": 240.30685540802256,
    "top10AvgFitness": 428.63364215366084,
    "top25AvgFitness": 391.5266205954867,
    "time": 443.44
}