{
    "bestAvgScore": 4.0,
    "avgScore": 0.25025,
    "bestAvgFitness": 147.84799999999998,
    "avgFitness": 1.235119,
    "top10AvgFitness": 9.207374999999999,
    "top25AvgFitness": 4.384026,
    "time": 10.93
}