{
    "bestAvgScore": 54.2,
    "avgScore": 31.785100000000003,
    "bestAvgFitness": 234111.6852,
    "avgFitness": 80912.426476,
    "top10AvgFitness": 169487.668834,
    "top25AvgFitness": 154601.8896104,
    "time": 479.29
}