{
    "bestAvgScore": 50.5,
    "avgScore": 21.289,
    "bestAvgFitness": 16.31391009108911,
    "avgFitness": 3.2110096709096934,
    "top10AvgFitness": 11.177732863763362,
    "top25AvgFitness": 9.084141747688072,
    "time": 231.52
}