{
    "bestAvgScore": 56.2,
    "avgScore": 37.466300000000004,
    "bestAvgFitness": 266041.8368,
    "avgFitness": 126893.0153722,
    "top10AvgFitness": 222368.315088,
    "top25AvgFitness": 210169.45222000004,
    "time": 546.14
}