{
    "bestAvgScore": 65.6,
    "avgScore": 41.6006,
    "bestAvgFitness": 542154.6074,
    "avgFitness": 231127.32395159997,
    "top10AvgFitness": 439170.622974,
    "top25AvgFitness": 407825.9835624,
    "time": 649.08
}