{
    "bestAvgScore": 104.75,
    "avgScore": 80.44275,
    "bestAvgFitness": 491.9389908985148,
    "avgFitness": 223.83907361775002,
    "top10AvgFitness": 397.88734940663636,
    "top25AvgFitness": 362.7064152364718,
    "time": 837.66
}