{
    "bestAvgScore": 52.0,
    "avgScore": 39.81375,
    "bestAvgFitness": 37.4938361480198,
    "avgFitness": 18.670192238911717,
    "top10AvgFitness": 32.42277597258814,
    "top25AvgFitness": 30.330875671142458,
    "time": 639.15
}