{
    "bestAvgScore": 2.25,
    "avgScore": 0.0945,
    "bestAvgFitness": 9.87125,
    "avgFitness": 0.7867329999999999,
    "top10AvgFitness": 1.5766650000000002,
    "top25AvgFitness": 1.2359780000000005,
    "time": 9.08
}