{
    "bestAvgScore": 106.25,
    "avgScore": 77.401,
    "bestAvgFitness": 510.8824770730198,
    "avgFitness": 198.58701420274315,
    "top10AvgFitness": 351.5917493334728,
    "top25AvgFitness": 320.93075584319115,
    "time": 806.65
}