{
    "bestAvgScore": 58.8,
    "avgScore": 38.758,
    "bestAvgFitness": 332013.0244,
    "avgFitness": 152091.3052065,
    "top10AvgFitness": 276727.663218,
    "top25AvgFitness": 260136.89824960002,
    "time": 573.71
}