{
    "bestAvgScore": 100.5,
    "avgScore": 73.17384769539078,
    "bestAvgFitness": 422.3010603648515,
    "avgFitness": 173.767963289791,
    "top10AvgFitness": 334.71519468714325,
    "top25AvgFitness": 301.6556156622243,
    "time": 369.39
}