{
    "bestAvgScore": 97.25,
    "avgScore": 71.63877755511022,
    "bestAvgFitness": 377.7094228930693,
    "avgFitness": 177.1622233409769,
    "top10AvgFitness": 315.7578210647396,
    "top25AvgFitness": 289.5094705358449,
    "time": 391.64
}