{
    "bestAvgScore": 105.0,
    "avgScore": 80.841,
    "bestAvgFitness": 480.346871722748,
    "avgFitness": 222.3584903086336,
    "top10AvgFitness": 394.59160023910664,
    "top25AvgFitness": 359.8672033582284,
    "time": 838.41
}