{
    "bestAvgScore": 20.2,
    "avgScore": 4.5308,
    "bestAvgFitness": 13039.710000000001,
    "avgFitness": 593.8543887999999,
    "top10AvgFitness": 5734.2389220000005,
    "top25AvgFitness": 3502.9184256,
    "time": 121.92
}