{
    "bestAvgScore": 106.25,
    "avgScore": 81.06475,
    "bestAvgFitness": 491.166724389604,
    "avgFitness": 227.5927899646219,
    "top10AvgFitness": 404.09127074726194,
    "top25AvgFitness": 371.54880772650114,
    "time": 838.94
}