{
    "bestAvgScore": 53.0,
    "avgScore": 39.19925,
    "bestAvgFitness": 37.86266858441565,
    "avgFitness": 18.087300600360134,
    "top10AvgFitness": 31.808985340391793,
    "top25AvgFitness": 29.936472987226754,
    "time": 624.81
}