{
    "bestAvgScore": 16.25,
    "avgScore": 3.5538692461641093,
    "bestAvgFitness": 4082.84775,
    "avgFitness": 122.80453202134755,
    "top10AvgFitness": 1073.2633466666664,
    "top25AvgFitness": 658.8304211229947,
    "time": 64.67
}