{
    "bestAvgScore": 79.0,
    "avgScore": 43.6172,
    "bestAvgFitness": 1538036.31,
    "avgFitness": 535179.8254203999,
    "top10AvgFitness": 1196368.3226359999,
    "top25AvgFitness": 1079448.9157888,
    "time": 834.62
}