{
    "bestAvgScore": 51.75,
    "avgScore": 39.431,
    "bestAvgFitness": 35.705898591336634,
    "avgFitness": 17.93948084511806,
    "top10AvgFitness": 31.22736711511862,
    "top25AvgFitness": 29.256384340092296,
    "time": 629.54
}