{
    "bestAvgScore": 52.25,
    "avgScore": 39.81725,
    "bestAvgFitness": 36.35234170220831,
    "avgFitness": 18.048271955523802,
    "top10AvgFitness": 31.83056645787682,
    "top25AvgFitness": 29.83915401437591,
    "time": 621.27
}