{
    "bestAvgScore": 12.0,
    "avgScore": 2.6015,
    "bestAvgFitness": 2673.2405000000003,
    "avgFitness": 70.540553,
    "top10AvgFitness": 699.55355,
    "top25AvgFitness": 418.8381959999999,
    "time": 42.86
}