{
    "bestAvgScore": 66.0,
    "avgScore": 42.3732,
    "bestAvgFitness": 545751.5356,
    "avgFitness": 248308.6127324,
    "top10AvgFitness": 477998.588562,
    "top25AvgFitness": 443741.9059928,
    "time": 662.84
}