{
    "bestAvgScore": 52.5,
    "avgScore": 38.82775,
    "bestAvgFitness": 39.39498650990099,
    "avgFitness": 16.20095782337861,
    "top10AvgFitness": 30.50436951183139,
    "top25AvgFitness": 27.882021939549485,
    "time": 575.97
}