{
    "bestAvgScore": 105.5,
    "avgScore": 80.49975,
    "bestAvgFitness": 502.36769886138615,
    "avgFitness": 221.04534007393124,
    "top10AvgFitness": 400.01710513126096,
    "top25AvgFitness": 361.81533816223475,
    "time": 835.89
}