{
    "bestAvgScore": 97.5,
    "avgScore": 72.25601202404809,
    "bestAvgFitness": 387.10605694133665,
    "avgFitness": 157.7662017278787,
    "top10AvgFitness": 298.8358242294636,
    "top25AvgFitness": 268.3383392537248,
    "time": 359.64
}