{
    "bestAvgScore": 106.0,
    "avgScore": 82.78256513026052,
    "bestAvgFitness": 512.9192416584158,
    "avgFitness": 246.70686473236287,
    "top10AvgFitness": 416.98690148030636,
    "top25AvgFitness": 381.48808971789515,
    "time": 449.77
}