{
    "bestAvgScore": 106.0,
    "avgScore": 83.70841683366733,
    "bestAvgFitness": 507.34823009391374,
    "avgFitness": 253.8432562132564,
    "top10AvgFitness": 446.1439277524931,
    "top25AvgFitness": 406.4987326479539,
    "time": 478.02
}