{
    "bestAvgScore": 52.75,
    "avgScore": 39.7585,
    "bestAvgFitness": 37.99592700371287,
    "avgFitness": 18.06148822259281,
    "top10AvgFitness": 32.346944918259155,
    "top25AvgFitness": 30.27562834825641,
    "time": 634.99
}