{
    "bestAvgScore": 97.75,
    "avgScore": 71.08216432865731,
    "bestAvgFitness": 415.0196662554601,
    "avgFitness": 182.3978032262686,
    "top10AvgFitness": 338.9131984476011,
    "top25AvgFitness": 303.11265079440625,
    "time": 403.4
}