{
    "bestAvgScore": 4.75,
    "avgScore": 0.2915,
    "bestAvgFitness": 89.83024999999999,
    "avgFitness": 1.25349625,
    "top10AvgFitness": 9.392714999999999,
    "top25AvgFitness": 4.514295999999999,
    "time": 12.28
}