{
    "bestAvgScore": 5.0,
    "avgScore": 0.33275,
    "bestAvgFitness": 93.7735,
    "avgFitness": 1.390452,
    "top10AvgFitness": 12.120695000000003,
    "top25AvgFitness": 5.8034659999999985,
    "time": 13.69
}