{
    "bestAvgScore": 98.75,
    "avgScore": 63.5501002004008,
    "bestAvgFitness": 354.7270905373763,
    "avgFitness": 105.52006691162721,
    "top10AvgFitness": 219.31776690588234,
    "top25AvgFitness": 192.18549170179043,
    "time": 315.43
}