{
    "bestAvgScore": 52.5,
    "avgScore": 40.26125,
    "bestAvgFitness": 37.385494194059405,
    "avgFitness": 18.414340075208333,
    "top10AvgFitness": 32.28024871664483,
    "top25AvgFitness": 30.186055242254888,
    "time": 630.08
}