{
    "bestAvgScore": 102.75,
    "avgScore": 74.10871743486975,
    "bestAvgFitness": 452.74849177499993,
    "avgFitness": 179.1208840422065,
    "top10AvgFitness": 347.24830462865947,
    "top25AvgFitness": 307.4361482578855,
    "time": 371.29
}