{
    "bestAvgScore": 82.2,
    "avgScore": 46.079,
    "bestAvgFitness": 1909906.5154,
    "avgFitness": 664383.9008439998,
    "top10AvgFitness": 1449701.8015579998,
    "top25AvgFitness": 1315727.0138271996,
    "time": 878.43
}