{
    "bestAvgScore": 106.5,
    "avgScore": 80.18587174348697,
    "bestAvgFitness": 526.8323714851484,
    "avgFitness": 234.31947425017648,
    "top10AvgFitness": 417.4993160494152,
    "top25AvgFitness": 379.80317408251733,
    "time": 430.28
}