{
    "bestAvgScore": 103.0,
    "avgScore": 75.21793587174349,
    "bestAvgFitness": 449.45378987352944,
    "avgFitness": 184.37706159135507,
    "top10AvgFitness": 346.8560843498432,
    "top25AvgFitness": 313.8398313475651,
    "time": 381.87
}