{
    "bestAvgScore": 85.4,
    "avgScore": 46.7243,
    "bestAvgFitness": 1984807.8262000002,
    "avgFitness": 670110.3763761001,
    "top10AvgFitness": 1457226.392364,
    "top25AvgFitness": 1316489.1111536,
    "time": 875.89
}