{
    "bestAvgScore": 15.5,
    "avgScore": 4.28875,
    "bestAvgFitness": 19923.9025,
    "avgFitness": 448.7949635,
    "top10AvgFitness": 4370.724160000001,
    "top25AvgFitness": 2591.597132,
    "time": 65.29
}