{
    "bestAvgScore": 63.8,
    "avgScore": 41.5715,
    "bestAvgFitness": 475312.375,
    "avgFitness": 207477.43657759996,
    "top10AvgFitness": 369660.427516,
    "top25AvgFitness": 347985.9655144,
    "time": 628.96
}