{
    "bestAvgScore": 104.75,
    "avgScore": 79.79709418837675,
    "bestAvgFitness": 448.97920209061346,
    "avgFitness": 212.87185756485488,
    "top10AvgFitness": 358.90976184762667,
    "top25AvgFitness": 331.40923632957333,
    "time": 432.39
}