{
    "bestAvgScore": 51.75,
    "avgScore": 37.513,
    "bestAvgFitness": 26.358568781304598,
    "avgFitness": 8.872660274351972,
    "top10AvgFitness": 18.17993051006381,
    "top25AvgFitness": 16.174785138027296,
    "time": 345.81
}