{
    "bestAvgScore": 100.0,
    "avgScore": 73.05260521042084,
    "bestAvgFitness": 401.2721290574257,
    "avgFitness": 169.65379847058384,
    "top10AvgFitness": 325.4205127539823,
    "top25AvgFitness": 288.7250680106574,
    "time": 377.41
}