{
    "bestAvgScore": 81.4,
    "avgScore": 43.677600000000005,
    "bestAvgFitness": 1681230.6872,
    "avgFitness": 590788.4897725,
    "top10AvgFitness": 1310204.7581359998,
    "top25AvgFitness": 1195914.6822728,
    "time": 829.72
}