{
    "bestAvgScore": 108.25,
    "avgScore": 79.87825651302605,
    "bestAvgFitness": 531.8549965612988,
    "avgFitness": 231.8768936213545,
    "top10AvgFitness": 418.06721083268064,
    "top25AvgFitness": 378.54971312210176,
    "time": 434.59
}