{
    "bestAvgScore": 79.25,
    "avgScore": 55.98717948717949,
    "bestAvgFitness": 140.40434123325568,
    "avgFitness": 50.64184390642347,
    "top10AvgFitness": 132.6780774997173,
    "top25AvgFitness": 114.15433309274074,
    "time": 18.9
}