{
    "bestAvgScore": 52.4,
    "avgScore": 31.3529,
    "bestAvgFitness": 215155.82800000004,
    "avgFitness": 78540.0812394,
    "top10AvgFitness": 165830.79543200004,
    "top25AvgFitness": 151661.43409919998,
    "time": 480.68
}