{
    "bestAvgScore": 101.25,
    "avgScore": 79.1127254509018,
    "bestAvgFitness": 416.87241367669384,
    "avgFitness": 215.2725105240414,
    "top10AvgFitness": 364.9745329511172,
    "top25AvgFitness": 336.9436195456994,
    "time": 435.5
}