{
    "bestAvgScore": 100.0,
    "avgScore": 74.323,
    "bestAvgFitness": 404.05475279034164,
    "avgFitness": 173.56884313389693,
    "top10AvgFitness": 308.4353095553622,
    "top25AvgFitness": 280.19886791745387,
    "time": 767.66
}