{
    "bestAvgScore": 63.8,
    "avgScore": 41.5566,
    "bestAvgFitness": 483970.29000000004,
    "avgFitness": 213560.32701590002,
    "top10AvgFitness": 390248.47038,
    "top25AvgFitness": 364829.8456368,
    "time": 636.36
}