{
    "bestAvgScore": 54.4,
    "avgScore": 32.0079,
    "bestAvgFitness": 252632.1284,
    "avgFitness": 87054.3528892,
    "top10AvgFitness": 185944.87287999998,
    "top25AvgFitness": 169215.10697679996,
    "time": 484.83
}