{
    "bestAvgScore": 96.25,
    "avgScore": 66.44789579158316,
    "bestAvgFitness": 343.82358420792076,
    "avgFitness": 134.3203810069113,
    "top10AvgFitness": 279.3778871833016,
    "top25AvgFitness": 248.97800500916557,
    "time": 365.63
}