{
    "bestAvgScore": 99.0,
    "avgScore": 73.86623246492987,
    "bestAvgFitness": 377.3826660396039,
    "avgFitness": 173.17265241572522,
    "top10AvgFitness": 317.29942912455095,
    "top25AvgFitness": 289.7431682209389,
    "time": 372.77
}