{
    "bestAvgScore": 32.5,
    "avgScore": 4.41525,
    "bestAvgFitness": 61109.058750000004,
    "avgFitness": 520.555368,
    "top10AvgFitness": 6914.009499999999,
    "top25AvgFitness": 3343.9302319999997,
    "time": 62.86
}