{
    "bestAvgScore": 102.25,
    "avgScore": 80.61472945891784,
    "bestAvgFitness": 445.5329977648515,
    "avgFitness": 224.75143993709224,
    "top10AvgFitness": 374.0074201281625,
    "top25AvgFitness": 342.9565824544364,
    "time": 432.47
}