{
    "bestAvgScore": 104.0,
    "avgScore": 81.27375,
    "bestAvgFitness": 473.2468668920792,
    "avgFitness": 224.9349662818529,
    "top10AvgFitness": 394.48214737664426,
    "top25AvgFitness": 361.3745593563526,
    "time": 841.63
}