{
    "bestAvgScore": 107.75,
    "avgScore": 79.56062124248497,
    "bestAvgFitness": 533.8035556306932,
    "avgFitness": 229.3159002291869,
    "top10AvgFitness": 411.2424526573202,
    "top25AvgFitness": 372.79443348102234,
    "time": 439.21
}