{
    "bestAvgScore": 105.5,
    "avgScore": 81.1025,
    "bestAvgFitness": 492.89010876435646,
    "avgFitness": 224.60932510628325,
    "top10AvgFitness": 395.96927125037917,
    "top25AvgFitness": 364.48133388235465,
    "time": 834.69
}