{
    "bestAvgScore": 14.75,
    "avgScore": 3.55675,
    "bestAvgFitness": 7472.4465,
    "avgFitness": 249.4077145,
    "top10AvgFitness": 2647.76025,
    "top25AvgFitness": 1507.3761180000004,
    "time": 55.34
}