{
    "bestAvgScore": 98.0,
    "avgScore": 71.78206412825651,
    "bestAvgFitness": 353.1083859032418,
    "avgFitness": 155.666435974211,
    "top10AvgFitness": 300.57049571853196,
    "top25AvgFitness": 272.1753210954489,
    "time": 357.58
}