{
    "bestAvgScore": 83.4,
    "avgScore": 44.8378,
    "bestAvgFitness": 1855920.5995999998,
    "avgFitness": 637287.4441676,
    "top10AvgFitness": 1422683.109562,
    "top25AvgFitness": 1287194.9118488,
    "time": 860.56
}