{
    "bestAvgScore": 101.25,
    "avgScore": 71.69739478957916,
    "bestAvgFitness": 410.3758604653465,
    "avgFitness": 158.67276914037626,
    "top10AvgFitness": 309.89607171198236,
    "top25AvgFitness": 281.5768068341212,
    "time": 368.05
}