{
    "bestAvgScore": 51.75,
    "avgScore": 39.20575,
    "bestAvgFitness": 35.9875467019802,
    "avgFitness": 16.713798699755014,
    "top10AvgFitness": 30.87362099345286,
    "top25AvgFitness": 28.45870489274499,
    "time": 590.52
}