{
    "bestAvgScore": 105.0,
    "avgScore": 79.23196392785572,
    "bestAvgFitness": 494.9778767376238,
    "avgFitness": 226.99210620691923,
    "top10AvgFitness": 383.99733741801566,
    "top25AvgFitness": 353.1717035558813,
    "time": 435.94
}