{
    "bestAvgScore": 104.5,
    "avgScore": 80.247,
    "bestAvgFitness": 492.8185527029703,
    "avgFitness": 221.97451319699414,
    "top10AvgFitness": 399.82881498991213,
    "top25AvgFitness": 364.261665356164,
    "time": 836.36
}