{
    "bestAvgScore": 101.0,
    "avgScore": 77.2415,
    "bestAvgFitness": 480.84340163717724,
    "avgFitness": 200.03070793206192,
    "top10AvgFitness": 357.2816673559972,
    "top25AvgFitness": 328.0120229136057,
    "time": 808.05
}