{
    "bestAvgScore": 7.25,
    "avgScore": 0.043,
    "bestAvgFitness": 1.079,
    "avgFitness": 0.028288249999999997,
    "top10AvgFitness": 0.565765,
    "top25AvgFitness": 0.22630599999999998,
    "time": 4.97
}