{
    "bestAvgScore": 99.75,
    "avgScore": 73.70541082164328,
    "bestAvgFitness": 388.98969770263056,
    "avgFitness": 165.03279981420434,
    "top10AvgFitness": 309.05506513310377,
    "top25AvgFitness": 281.38388017505997,
    "time": 372.9
}