{
    "bestAvgScore": 102.25,
    "avgScore": 78.396,
    "bestAvgFitness": 435.06977758907976,
    "avgFitness": 201.4253902677615,
    "top10AvgFitness": 357.6137659880317,
    "top25AvgFitness": 325.0075596180396,
    "time": 819.93
}