{
    "bestAvgScore": 2.5,
    "avgScore": 0.1105,
    "bestAvgFitness": 33.924,
    "avgFitness": 0.8744132499999999,
    "top10AvgFitness": 2.3045600000000004,
    "top25AvgFitness": 1.5314380000000005,
    "time": 8.84
}