{
    "bestAvgScore": 56.2,
    "avgScore": 37.270199999999996,
    "bestAvgFitness": 251295.0642,
    "avgFitness": 125195.16621180001,
    "top10AvgFitness": 218489.75998799998,
    "top25AvgFitness": 208202.2689584,
    "time": 544.98
}