{
    "bestAvgScore": 52.75,
    "avgScore": 39.6345,
    "bestAvgFitness": 35.788305068069306,
    "avgFitness": 15.29720054120826,
    "top10AvgFitness": 28.979660831495536,
    "top25AvgFitness": 26.343316256146107,
    "time": 531.64
}