{
    "bestAvgScore": 97.25,
    "avgScore": 70.06412825651303,
    "bestAvgFitness": 387.02665739904876,
    "avgFitness": 172.5480988034261,
    "top10AvgFitness": 308.2190088878891,
    "top25AvgFitness": 284.1852406360417,
    "time": 409.16
}