{
    "bestAvgScore": 64.4,
    "avgScore": 41.8144,
    "bestAvgFitness": 509515.8358,
    "avgFitness": 223831.61727450002,
    "top10AvgFitness": 416039.71526799997,
    "top25AvgFitness": 388851.4442864,
    "time": 645.72
}