{
    "highScore": 218.0,
    "scores": [
        218.0,
        159.0,
        148.0,
        144.0,
        138.0,
        133.0,
        127.0,
        125.0,
        124.0,
        124.0,
        120.0,
        116.0,
        116.0,
        114.0,
        113.0,
        112.0,
        108.0,
        108.0,
        105.0,
        104.0,
        102.0,
        95.0,
        93.0,
        88.0,
        86.0,
        86.0,
        84.0,
        81.0,
        79.0,
        75.0,
        75.0,
        75.0,
        74.0,
        74.0,
        73.0,
        73.0,
        73.0,
        73.0,
        71.0,
        70.0,
        70.0,
        70.0,
        70.0,
        70.0,
        69.0,
        69.0,
        69.0,
        69.0,
        68.0,
        68.0,
        68.0,
        68.0,
        68.0,
        67.0,
        67.0,
        67.0,
        67.0,
        67.0,
        67.0,
        67.0,
        66.0,
        66.0,
        66.0,
        66.0,
        66.0,
        66.0,
        66.0,
        65.0,
        65.0,
        65.0,
        64.0,
        64.0,
        64.0,
        63.0,
        63.0,
        63.0,
        63.0,
        62.0,
        62.0,
        62.0,
        59.0,
        57.0,
        53.0,
        49.0,
        46.0,
        45.0,
        38.0,
        35.0,
        35.0,
        33.0,
        32.0,
        31.0,
        28.0,
        25.0,
        24.0,
        24.0,
        23.0,
        23.0,
        1.0
    ],
    "fitnesses": [
        1.0006972258702047,
        1.000547722313169,
        1.0004444025403452,
        1.0002939868131897,
        1.0002862931701477,
        1.000262155799522,
        1.0002457410666483,
        1.0002091517565628,
        1.0001075041899536,
        1.0000974785147496,
        1.0000007558578987,
        0.6680725199415797,
        0.6671872842665693,
        0.6670120781479923,
        0.6669562246539912,
        0.6669120023685576,
        0.33402359706523893,
        0.33393773207654953,
        0.33376091624910526,
        0.0,
        0.0,
        0.0,
        0.0,
        0.0,
        0.0,
        0.0,
        0.0,
        0.0,
        0.0,
        0.0,
        0.0,
        0.0,
        0.0,
        0.0,
        0.0,
        0.0,
        0.0,
        0.0,
        0.0,
        0.0,
        0.0,
        0.0,
        0.0,
        0.0,
        0.0,
        0.0,
        0.0,
        0.0,
        0.0,
        0.0,
        0.0,
        0.0,
        0.0,
        0.0,
        0.0,
        0.0,
        0.0,
        0.0,
        0.0,
        0.0,
        0.0,
        0.0,
        0.0,
        0.0,
        0.0,
        0.0,
        0.0,
        0.0,
        0.0,
        0.0,
        0.0,
        0.0,
        0.0,
        0.0,
        0.0,
        0.0,
        0.0,
        0.0,
        0.0,
        0.0,
        0.0,
        0.0,
        0.0,
        0.0,
        0.0,
        0.0,
        0.0,
        0.0,
        0.0,
        0.0,
        0.0,
        0.0,
        0.0,
        0.0,
        0.0,
        0.0,
        0.0,
        0.0,
        0.0
    ],
    "time": 1520.33
}