{
    "bestAvgScore": 85.25,
    "avgScore": 47.87675350701403,
    "bestAvgFitness": 157.39635742079207,
    "avgFitness": 29.67640311416602,
    "top10AvgFitness": 121.05868706641563,
    "top25AvgFitness": 99.52288047356063,
    "time": 214.42
}