{
    "bestAvgScore": 99.75,
    "avgScore": 69.24599198396794,
    "bestAvgFitness": 405.3610092595467,
    "avgFitness": 169.2402781694406,
    "top10AvgFitness": 315.40961617290895,
    "top25AvgFitness": 287.71327859343285,
    "time": 396.99
}