{
    "bestAvgScore": 61.6,
    "avgScore": 39.880199999999995,
    "bestAvgFitness": 415551.708,
    "avgFitness": 173496.7754261,
    "top10AvgFitness": 328260.41517600004,
    "top25AvgFitness": 304253.63050399994,
    "time": 592.95
}