{
    "bestAvgScore": 106.75,
    "avgScore": 81.53175,
    "bestAvgFitness": 486.46669333811883,
    "avgFitness": 231.75460810414,
    "top10AvgFitness": 398.18843847480406,
    "top25AvgFitness": 367.58819454158345,
    "time": 853.94
}