{
    "bestAvgScore": 72.8,
    "avgScore": 44.8172,
    "bestAvgFitness": 904498.9214,
    "avgFitness": 341837.29357720003,
    "top10AvgFitness": 677672.9951740002,
    "top25AvgFitness": 623549.632328,
    "time": 729.13
}