{
    "bestAvgScore": 86.25,
    "avgScore": 59.589178356713425,
    "bestAvgFitness": 218.12016651188117,
    "avgFitness": 68.41914441028037,
    "top10AvgFitness": 171.93394286367584,
    "top25AvgFitness": 150.7719436597635,
    "time": 269.16
}