{
    "bestAvgScore": 52.0,
    "avgScore": 39.506,
    "bestAvgFitness": 35.78450946554067,
    "avgFitness": 18.442711420120563,
    "top10AvgFitness": 32.29831382373307,
    "top25AvgFitness": 30.124271502928938,
    "time": 636.43
}