{
    "bestAvgScore": 56.6,
    "avgScore": 37.08310000000001,
    "bestAvgFitness": 273747.97300000006,
    "avgFitness": 125480.2150193,
    "top10AvgFitness": 220235.85625399998,
    "top25AvgFitness": 208754.2084344,
    "time": 545.38
}