{
    "bestAvgScore": 98.0,
    "avgScore": 73.23547094188376,
    "bestAvgFitness": 384.62578585866646,
    "avgFitness": 160.8099939198948,
    "top10AvgFitness": 311.03160821748156,
    "top25AvgFitness": 280.40637409800115,
    "time": 365.5
}