{
    "bestAvgScore": 106.75,
    "avgScore": 82.71743486973948,
    "bestAvgFitness": 540.9830760643564,
    "avgFitness": 254.10477531149772,
    "top10AvgFitness": 445.9970615265029,
    "top25AvgFitness": 403.4286543668955,
    "time": 449.37
}