{
    "bestAvgScore": 103.25,
    "avgScore": 81.16,
    "bestAvgFitness": 443.0857890811882,
    "avgFitness": 226.05956694172386,
    "top10AvgFitness": 392.5867933889827,
    "top25AvgFitness": 357.99310542621873,
    "time": 844.13
}