{
    "bestAvgScore": 31.4,
    "avgScore": 10.092600000000001,
    "bestAvgFitness": 46405.2128,
    "avgFitness": 3149.5255896999997,
    "top10AvgFitness": 16302.163745999998,
    "top25AvgFitness": 11717.128168000001,
    "time": 185.18
}