{
    "bestAvgScore": 101.5,
    "avgScore": 73.02154308617234,
    "bestAvgFitness": 405.56853266186175,
    "avgFitness": 161.2507197853321,
    "top10AvgFitness": 300.4869965849581,
    "top25AvgFitness": 273.1209429195409,
    "time": 369.36
}