{
    "bestAvgScore": 103.75,
    "avgScore": 78.80125,
    "bestAvgFitness": 459.2842832251019,
    "avgFitness": 212.80944602134863,
    "top10AvgFitness": 380.79989874823946,
    "top25AvgFitness": 349.07055709105987,
    "time": 819.83
}