{
    "bestAvgScore": 74.8,
    "avgScore": 45.826499999999996,
    "bestAvgFitness": 1053190.5552,
    "avgFitness": 429140.45271140005,
    "top10AvgFitness": 831071.563518,
    "top25AvgFitness": 771321.4465288001,
    "time": 761.92
}