{
    "bestAvgScore": 52.0,
    "avgScore": 40.0555,
    "bestAvgFitness": 37.16622160891089,
    "avgFitness": 18.450819421306427,
    "top10AvgFitness": 32.465836259488356,
    "top25AvgFitness": 30.4220216852252,
    "time": 625.23
}