{
    "bestAvgScore": 57.4,
    "avgScore": 37.0609,
    "bestAvgFitness": 286573.26859999995,
    "avgFitness": 126972.02874580001,
    "top10AvgFitness": 226861.53061399993,
    "top25AvgFitness": 213052.8409656,
    "time": 543.99
}