{
    "bestAvgScore": 105.75,
    "avgScore": 79.89325,
    "bestAvgFitness": 522.1335172962871,
    "avgFitness": 219.60037633796625,
    "top10AvgFitness": 392.0103367548358,
    "top25AvgFitness": 356.73439394113154,
    "time": 831.83
}