{
    "bestAvgScore": 64.8,
    "avgScore": 41.4511,
    "bestAvgFitness": 539557.3812,
    "avgFitness": 227157.3169341,
    "top10AvgFitness": 430270.6365000001,
    "top25AvgFitness": 400301.8980512,
    "time": 647.7
}