{
    "bestAvgScore": 107.0,
    "avgScore": 79.87074148296593,
    "bestAvgFitness": 491.5541669867501,
    "avgFitness": 221.5300194745075,
    "top10AvgFitness": 392.26245000045134,
    "top25AvgFitness": 354.35754292369967,
    "time": 427.1
}