{
    "bestAvgScore": 51.5,
    "avgScore": 37.41125,
    "bestAvgFitness": 24.698642769607844,
    "avgFitness": 9.019270361158771,
    "top10AvgFitness": 18.64401247765626,
    "top25AvgFitness": 16.60799127986767,
    "time": 344.82
}