{
    "bestAvgScore": 0.5,
    "avgScore": 0.03406813627254509,
    "bestAvgFitness": 1.04575,
    "avgFitness": 0.2418376753507014,
    "top10AvgFitness": 1.00648,
    "top25AvgFitness": 1.0026129032258064,
    "time": 1.37
}