{
    "bestAvgScore": 100.5,
    "avgScore": 73.95941883767534,
    "bestAvgFitness": 421.1631567130168,
    "avgFitness": 190.38138287437755,
    "top10AvgFitness": 340.79765693762937,
    "top25AvgFitness": 310.52195271159394,
    "time": 407.26
}