{
    "bestAvgScore": 3.5,
    "avgScore": 0.11975,
    "bestAvgFitness": 70.518,
    "avgFitness": 0.7101299999999999,
    "top10AvgFitness": 4.07598,
    "top25AvgFitness": 2.23748,
    "time": 11.09
}