{
    "bestAvgScore": 13.5,
    "avgScore": 3.31725,
    "bestAvgFitness": 13738.225,
    "avgFitness": 207.84430775,
    "top10AvgFitness": 2304.25202,
    "top25AvgFitness": 1283.424008,
    "time": 51.37
}