{
    "bestAvgScore": 101.5,
    "avgScore": 79.97945891783567,
    "bestAvgFitness": 417.5869206628616,
    "avgFitness": 220.47937530753163,
    "top10AvgFitness": 361.88722250079127,
    "top25AvgFitness": 338.24106883670146,
    "time": 429.76
}