{
    "bestAvgScore": 93.5,
    "avgScore": 67.21843687374749,
    "bestAvgFitness": 346.8014011560223,
    "avgFitness": 152.72568303806491,
    "top10AvgFitness": 292.9591638347492,
    "top25AvgFitness": 262.85217925987007,
    "time": 380.04
}