{
    "bestAvgScore": 109.0,
    "avgScore": 80.918,
    "bestAvgFitness": 542.5156565730052,
    "avgFitness": 223.0823251857527,
    "top10AvgFitness": 401.17018908987427,
    "top25AvgFitness": 364.9401130789623,
    "time": 839.56
}