{
    "bestAvgScore": 85.0,
    "avgScore": 57.87525050100201,
    "bestAvgFitness": 220.26304739851486,
    "avgFitness": 62.02474569107059,
    "top10AvgFitness": 164.31896612266584,
    "top25AvgFitness": 141.11807295577208,
    "time": 246.74
}