{
    "bestAvgScore": 106.0,
    "avgScore": 83.6943887775551,
    "bestAvgFitness": 536.2870273514852,
    "avgFitness": 256.7937698801538,
    "top10AvgFitness": 444.3562718250634,
    "top25AvgFitness": 405.6065451222108,
    "time": 455.92
}