{
    "bestAvgScore": 72.4,
    "avgScore": 44.930800000000005,
    "bestAvgFitness": 902212.3404000001,
    "avgFitness": 364295.92847370007,
    "top10AvgFitness": 709219.1185820001,
    "top25AvgFitness": 660965.1097680001,
    "time": 731.72
}