{
    "bestAvgScore": 101.25,
    "avgScore": 80.38577154308618,
    "bestAvgFitness": 417.32612605148506,
    "avgFitness": 219.32747983262874,
    "top10AvgFitness": 374.302830945437,
    "top25AvgFitness": 347.6185330991929,
    "time": 432.79
}