{
    "bestAvgScore": 103.75,
    "avgScore": 79.4015,
    "bestAvgFitness": 497.6680445663366,
    "avgFitness": 216.7333167951242,
    "top10AvgFitness": 385.8401138752387,
    "top25AvgFitness": 353.1317151144984,
    "time": 815.19
}