{
    "bestAvgScore": 93.0,
    "avgScore": 65.34769539078157,
    "bestAvgFitness": 293.83468848184816,
    "avgFitness": 113.70818610787173,
    "top10AvgFitness": 220.3661504579808,
    "top25AvgFitness": 196.0525270099565,
    "time": 321.83
}