{
    "bestAvgScore": 107.0,
    "avgScore": 79.81012024048096,
    "bestAvgFitness": 485.36572572357795,
    "avgFitness": 221.8201550659007,
    "top10AvgFitness": 381.5788353521607,
    "top25AvgFitness": 350.672582826806,
    "time": 432.67
}