{
    "bestAvgScore": 52.5,
    "avgScore": 39.03575,
    "bestAvgFitness": 37.119283047029704,
    "avgFitness": 17.346362861125073,
    "top10AvgFitness": 31.657581512465836,
    "top25AvgFitness": 29.215354612547156,
    "time": 605.1
}