{
    "bestAvgScore": 108.25,
    "avgScore": 81.62174348697395,
    "bestAvgFitness": 546.7416978740099,
    "avgFitness": 243.6662056321706,
    "top10AvgFitness": 438.71396324501103,
    "top25AvgFitness": 400.30590125290485,
    "time": 439.49
}