{
    "bestAvgScore": 106.0,
    "avgScore": 81.6943887775551,
    "bestAvgFitness": 504.99913429625315,
    "avgFitness": 241.27753800618612,
    "top10AvgFitness": 427.00543988912153,
    "top25AvgFitness": 390.49924158090266,
    "time": 444.42
}