{
    "bestAvgScore": 107.0,
    "avgScore": 80.9025,
    "bestAvgFitness": 554.2095679123763,
    "avgFitness": 224.92135465364086,
    "top10AvgFitness": 400.81913598897967,
    "top25AvgFitness": 366.6460774452563,
    "time": 849.17
}