{
    "bestAvgScore": 6.25,
    "avgScore": 0.362,
    "bestAvgFitness": 733.3675,
    "avgFitness": 2.91046525,
    "top10AvgFitness": 42.095865,
    "top25AvgFitness": 17.7773,
    "time": 15.78
}