{
    "bestAvgScore": 98.0,
    "avgScore": 73.28206412825651,
    "bestAvgFitness": 368.068071160396,
    "avgFitness": 162.55014052100552,
    "top10AvgFitness": 305.88325354981464,
    "top25AvgFitness": 279.4025834843904,
    "time": 371.69
}