{
    "bestAvgScore": 99.5,
    "avgScore": 73.73825,
    "bestAvgFitness": 378.4063657178218,
    "avgFitness": 166.36557269742713,
    "top10AvgFitness": 304.60340052545865,
    "top25AvgFitness": 274.27229593397453,
    "time": 764.93
}