{
    "bestAvgScore": 60.0,
    "avgScore": 39.453900000000004,
    "bestAvgFitness": 349330.2756,
    "avgFitness": 159828.98429329996,
    "top10AvgFitness": 290479.444418,
    "top25AvgFitness": 271672.1038928,
    "time": 589.14
}