{
    "bestAvgScore": 101.75,
    "avgScore": 76.81462925851703,
    "bestAvgFitness": 422.4631836103475,
    "avgFitness": 208.24068695556528,
    "top10AvgFitness": 371.56529888583776,
    "top25AvgFitness": 339.9799770297073,
    "time": 415.97
}