{
    "bestAvgScore": 108.25,
    "avgScore": 82.82014028056112,
    "bestAvgFitness": 503.5470867821782,
    "avgFitness": 249.54000443968454,
    "top10AvgFitness": 438.85803649515094,
    "top25AvgFitness": 400.2348900567662,
    "time": 451.58
}