{
    "bestAvgScore": 6.75,
    "avgScore": 1.209,
    "bestAvgFitness": 1487.3200000000002,
    "avgFitness": 10.811620999999999,
    "top10AvgFitness": 146.11430499999997,
    "top25AvgFitness": 71.29135400000001,
    "time": 28.39
}