{
    "bestAvgScore": 52.5,
    "avgScore": 38.112,
    "bestAvgFitness": 27.75638113861386,
    "avgFitness": 10.701345291381186,
    "top10AvgFitness": 21.919413742333017,
    "top25AvgFitness": 19.613752748421643,
    "time": 402.38
}