{
    "bestAvgScore": 4.4,
    "avgScore": 0.0676,
    "bestAvgFitness": 127.5092,
    "avgFitness": 0.4362440000000001,
    "top10AvgFitness": 3.2015779999999996,
    "top25AvgFitness": 1.8809144000000004,
    "time": 12.95
}