{
    "bestAvgScore": 13.25,
    "avgScore": 2.5225,
    "bestAvgFitness": 17319.250250000005,
    "avgFitness": 111.00118325,
    "top10AvgFitness": 1388.4171300000005,
    "top25AvgFitness": 725.1256920000001,
    "time": 45.44
}