{
    "bestAvgScore": 32.4,
    "avgScore": 12.2001,
    "bestAvgFitness": 51220.308999999994,
    "avgFitness": 4904.53411,
    "top10AvgFitness": 22250.412253999995,
    "top25AvgFitness": 16110.225724799999,
    "time": 212.69
}