{
    "bestAvgScore": 52.4,
    "avgScore": 31.297,
    "bestAvgFitness": 199307.16840000002,
    "avgFitness": 74420.41951440001,
    "top10AvgFitness": 154744.156798,
    "top25AvgFitness": 141508.6619808,
    "time": 469.86
}