{
    "bestAvgScore": 52.25,
    "avgScore": 36.962,
    "bestAvgFitness": 27.766691706222094,
    "avgFitness": 9.402938701070191,
    "top10AvgFitness": 19.723437130229797,
    "top25AvgFitness": 17.539537562040707,
    "time": 361.17
}