{
    "bestAvgScore": 75.8,
    "avgScore": 45.0444,
    "bestAvgFitness": 1173818.1538,
    "avgFitness": 431557.9881557,
    "top10AvgFitness": 891091.1743539999,
    "top25AvgFitness": 810577.9974815999,
    "time": 752.6
}