{
    "bestAvgScore": 55.6,
    "avgScore": 36.4975,
    "bestAvgFitness": 267227.4918,
    "avgFitness": 121243.65088170001,
    "top10AvgFitness": 219495.247934,
    "top25AvgFitness": 207849.8576872,
    "time": 540.47
}