{
    "bestAvgScore": 0.5,
    "avgScore": 0.02555110220440882,
    "bestAvgFitness": 1.0035,
    "avgFitness": 0.043160320641282564,
    "top10AvgFitness": 0.85148,
    "top25AvgFitness": 0.3473709677419355,
    "time": 1.26
}