{
    "bestAvgScore": 105.0,
    "avgScore": 80.82975,
    "bestAvgFitness": 447.69710043564356,
    "avgFitness": 221.90018840767777,
    "top10AvgFitness": 381.595523929522,
    "top25AvgFitness": 352.139886349992,
    "time": 831.2
}