{
    "bestAvgScore": 104.25,
    "avgScore": 80.76775,
    "bestAvgFitness": 464.55065178910894,
    "avgFitness": 221.48181442230737,
    "top10AvgFitness": 388.7992087235553,
    "top25AvgFitness": 356.66289524555583,
    "time": 838.98
}