{
    "bestAvgScore": 94.25,
    "avgScore": 66.23046092184369,
    "bestAvgFitness": 324.504004019802,
    "avgFitness": 116.5753419382208,
    "top10AvgFitness": 229.20662252101158,
    "top25AvgFitness": 203.63206310599867,
    "time": 319.66
}