{
    "bestAvgScore": 100.75,
    "avgScore": 71.7314629258517,
    "bestAvgFitness": 368.9499037465347,
    "avgFitness": 154.7849027506217,
    "top10AvgFitness": 304.9198947664708,
    "top25AvgFitness": 269.43449091656214,
    "time": 356.06
}