{
    "bestAvgScore": 106.5,
    "avgScore": 79.46743486973948,
    "bestAvgFitness": 505.9019212494467,
    "avgFitness": 216.30956278005885,
    "top10AvgFitness": 381.3802509779496,
    "top25AvgFitness": 347.0151213901097,
    "time": 423.29
}