{
    "bestAvgScore": 52.5,
    "avgScore": 39.091,
    "bestAvgFitness": 38.01035446435643,
    "avgFitness": 17.745106170415205,
    "top10AvgFitness": 31.65506588997573,
    "top25AvgFitness": 29.642543871557898,
    "time": 620.01
}