{
    "bestAvgScore": 82.2,
    "avgScore": 43.960300000000004,
    "bestAvgFitness": 1712601.2032,
    "avgFitness": 603927.3866374,
    "top10AvgFitness": 1367529.621374,
    "top25AvgFitness": 1235273.8362400003,
    "time": 835.13
}