{
    "bestAvgScore": 50.0,
    "avgScore": 28.978800000000003,
    "bestAvgFitness": 160384.6514,
    "avgFitness": 58888.123274499994,
    "top10AvgFitness": 125910.05553000001,
    "top25AvgFitness": 115452.2576216,
    "time": 432.0
}