{
    "bestAvgScore": 21.0,
    "avgScore": 3.7923,
    "bestAvgFitness": 15570.254600000004,
    "avgFitness": 367.79300209999997,
    "top10AvgFitness": 4176.02649,
    "top25AvgFitness": 2292.08712,
    "time": 112.38
}