{
    "bestAvgScore": 83.8,
    "avgScore": 43.6856,
    "bestAvgFitness": 1871438.325,
    "avgFitness": 539494.0401157,
    "top10AvgFitness": 1236126.725744,
    "top25AvgFitness": 1111182.2065952,
    "time": 822.52
}