{
    "bestAvgScore": 106.75,
    "avgScore": 79.3496993987976,
    "bestAvgFitness": 535.7896412219375,
    "avgFitness": 225.34646892172302,
    "top10AvgFitness": 401.1039458983209,
    "top25AvgFitness": 362.5751134132052,
    "time": 428.84
}