{
    "bestAvgScore": 108.5,
    "avgScore": 80.54625,
    "bestAvgFitness": 531.4874526898515,
    "avgFitness": 222.4368119153236,
    "top10AvgFitness": 403.18748859831567,
    "top25AvgFitness": 364.8542018374686,
    "time": 841.8
}