{
    "bestAvgScore": 58.6,
    "avgScore": 38.375299999999996,
    "bestAvgFitness": 319694.19320000004,
    "avgFitness": 144560.7334297,
    "top10AvgFitness": 265094.134778,
    "top25AvgFitness": 248140.52551680003,
    "time": 562.45
}