{
    "bestAvgScore": 15.5,
    "avgScore": 0.427,
    "bestAvgFitness": 807.982,
    "avgFitness": 3.521576,
    "top10AvgFitness": 53.12564,
    "top25AvgFitness": 22.574938,
    "time": 17.19
}