{
    "bestAvgScore": 53.0,
    "avgScore": 37.47025,
    "bestAvgFitness": 27.006341938215883,
    "avgFitness": 9.368996747069312,
    "top10AvgFitness": 19.151410201849696,
    "top25AvgFitness": 17.006229694839064,
    "time": 358.83
}