{
    "bestAvgScore": 51.0,
    "avgScore": 38.1825,
    "bestAvgFitness": 23.603635580712485,
    "avgFitness": 9.011671505636514,
    "top10AvgFitness": 18.35025644745243,
    "top25AvgFitness": 16.241008758924547,
    "time": 340.98
}