{
    "bestAvgScore": 68.0,
    "avgScore": 44.7667,
    "bestAvgFitness": 678873.5664000001,
    "avgFitness": 291838.8014861,
    "top10AvgFitness": 540798.533876,
    "top25AvgFitness": 503391.13122000004,
    "time": 699.06
}