{
    "bestAvgScore": 32.0,
    "avgScore": 9.8083,
    "bestAvgFitness": 44256.789600000004,
    "avgFitness": 3020.0271366999996,
    "top10AvgFitness": 15801.599372,
    "top25AvgFitness": 11416.1643192,
    "time": 179.59
}