{
    "bestAvgScore": 59.2,
    "avgScore": 38.5226,
    "bestAvgFitness": 378577.5002,
    "avgFitness": 154745.4040166,
    "top10AvgFitness": 284962.011694,
    "top25AvgFitness": 267815.4505816,
    "time": 581.88
}