{
    "bestAvgScore": 51.5,
    "avgScore": 38.0085,
    "bestAvgFitness": 23.967648788099396,
    "avgFitness": 9.677859917368103,
    "top10AvgFitness": 19.19703168331957,
    "top25AvgFitness": 17.264515508242106,
    "time": 365.95
}