{
    "bestAvgScore": 16.25,
    "avgScore": 4.52825,
    "bestAvgFitness": 14854.04875,
    "avgFitness": 563.8173767500001,
    "top10AvgFitness": 5311.528214999999,
    "top25AvgFitness": 3250.4306199999996,
    "time": 67.97
}