{
    "bestAvgScore": 105.5,
    "avgScore": 78.134,
    "bestAvgFitness": 461.67073592435935,
    "avgFitness": 204.51223929094138,
    "top10AvgFitness": 381.7693348925051,
    "top25AvgFitness": 344.24226352923597,
    "time": 811.13
}