{
    "bestAvgScore": 70.6,
    "avgScore": 44.5355,
    "bestAvgFitness": 795291.3828,
    "avgFitness": 321614.3062608,
    "top10AvgFitness": 638641.7247499999,
    "top25AvgFitness": 588455.9978168,
    "time": 717.63
}