{
    "bestAvgScore": 92.25,
    "avgScore": 56.70575,
    "bestAvgFitness": 274.62815508118814,
    "avgFitness": 65.04453490292234,
    "top10AvgFitness": 186.85507964606902,
    "top25AvgFitness": 156.38365709188514,
    "time": 506.84
}