{
    "bestAvgScore": 103.5,
    "avgScore": 77.897,
    "bestAvgFitness": 463.6641072024753,
    "avgFitness": 204.27050027027153,
    "top10AvgFitness": 372.29611836682665,
    "top25AvgFitness": 339.0060835203884,
    "time": 812.49
}