{
    "bestAvgScore": 105.5,
    "avgScore": 81.04525,
    "bestAvgFitness": 505.05994563737625,
    "avgFitness": 228.16490590944264,
    "top10AvgFitness": 399.31584685298617,
    "top25AvgFitness": 366.6194482836161,
    "time": 837.15
}