{
    "bestAvgScore": 90.0,
    "avgScore": 63.30861723446894,
    "bestAvgFitness": 267.9243367729761,
    "avgFitness": 94.94944533851287,
    "top10AvgFitness": 208.61216363326395,
    "top25AvgFitness": 184.5147895444446,
    "time": 298.66
}