{
    "bestAvgScore": 104.5,
    "avgScore": 80.015,
    "bestAvgFitness": 470.0386512520287,
    "avgFitness": 221.9089336321432,
    "top10AvgFitness": 388.7778932590197,
    "top25AvgFitness": 357.353699153045,
    "time": 825.06
}