{
    "bestAvgScore": 68.0,
    "avgScore": 43.7513,
    "bestAvgFitness": 652093.0533999999,
    "avgFitness": 289809.0694103,
    "top10AvgFitness": 551400.3750359999,
    "top25AvgFitness": 514142.0267616,
    "time": 694.93
}