{
    "bestAvgScore": 65.4,
    "avgScore": 41.6635,
    "bestAvgFitness": 584788.2106000001,
    "avgFitness": 235686.3113571,
    "top10AvgFitness": 455014.1900240001,
    "top25AvgFitness": 418877.55424080003,
    "time": 646.67
}