{
    "bestAvgScore": 98.25,
    "avgScore": 72.68587174348697,
    "bestAvgFitness": 375.3734392251456,
    "avgFitness": 162.77108405948957,
    "top10AvgFitness": 287.78463485731163,
    "top25AvgFitness": 263.67781105908125,
    "time": 370.54
}