{
    "bestAvgScore": 101.75,
    "avgScore": 80.51703406813627,
    "bestAvgFitness": 417.7003922044118,
    "avgFitness": 219.0408847369873,
    "top10AvgFitness": 364.35463527195566,
    "top25AvgFitness": 338.5592775668995,
    "time": 442.88
}