{
    "bestAvgScore": 46.0,
    "avgScore": 20.5231,
    "bestAvgFitness": 119129.02239999999,
    "avgFitness": 27158.9703428,
    "top10AvgFitness": 84097.932686,
    "top25AvgFitness": 70294.1032496,
    "time": 349.74
}