{
    "bestAvgScore": 78.4,
    "avgScore": 45.03260000000001,
    "bestAvgFitness": 1306036.7726,
    "avgFitness": 499761.15267589997,
    "top10AvgFitness": 1057415.428732,
    "top25AvgFitness": 963438.773816,
    "time": 833.01
}