{
    "bestAvgScore": 99.5,
    "avgScore": 71.95941883767534,
    "bestAvgFitness": 359.3246668514852,
    "avgFitness": 156.67297961139076,
    "top10AvgFitness": 299.6641717827348,
    "top25AvgFitness": 271.4947570176772,
    "time": 362.69
}