{
    "bestAvgScore": 7.8,
    "avgScore": 0.3198000000000001,
    "bestAvgFitness": 734.3328,
    "avgFitness": 2.8382691999999996,
    "top10AvgFitness": 39.812386000000004,
    "top25AvgFitness": 17.248532,
    "time": 27.53
}