{
    "bestAvgScore": 104.5,
    "avgScore": 81.308,
    "bestAvgFitness": 459.4448598158416,
    "avgFitness": 224.90163540578453,
    "top10AvgFitness": 389.7141731093249,
    "top25AvgFitness": 361.07744690527005,
    "time": 834.44
}