{
    "bestAvgScore": 73.4,
    "avgScore": 46.307,
    "bestAvgFitness": 964679.0666000001,
    "avgFitness": 390170.3730569,
    "top10AvgFitness": 744949.8593260001,
    "top25AvgFitness": 694507.7143208,
    "time": 762.08
}