{
    "bestAvgScore": 100.25,
    "avgScore": 78.60070140280561,
    "bestAvgFitness": 404.68574481509904,
    "avgFitness": 208.80079911986823,
    "top10AvgFitness": 356.3795603062439,
    "top25AvgFitness": 325.2125396920885,
    "time": 429.6
}