{
    "bestAvgScore": 61.8,
    "avgScore": 41.8414,
    "bestAvgFitness": 430319.19000000006,
    "avgFitness": 204334.07077150003,
    "top10AvgFitness": 358972.0677020001,
    "top25AvgFitness": 339464.2966128,
    "time": 629.07
}