{
    "bestAvgScore": 106.5,
    "avgScore": 83.56462925851703,
    "bestAvgFitness": 531.3631512274316,
    "avgFitness": 250.79045982904432,
    "top10AvgFitness": 430.46867266041954,
    "top25AvgFitness": 392.6578791078043,
    "time": 455.71
}