{
    "bestAvgScore": 97.5,
    "avgScore": 70.0635,
    "bestAvgFitness": 365.2733558881771,
    "avgFitness": 153.5304830449642,
    "top10AvgFitness": 284.38853819591947,
    "top25AvgFitness": 258.0297765553778,
    "time": 716.69
}