{
    "highScore": 3.0,
    "scores": [
        3.0,
        3.0,
        3.0,
        3.0,
        3.0,
        3.0,
        2.0,
        2.0,
        2.0,
        2.0,
        2.0,
        2.0,
        2.0,
        2.0,
        2.0,
        2.0,
        2.0,
        2.0,
        2.0,
        1.0,
        1.0,
        1.0,
        1.0,
        1.0,
        1.0,
        1.0,
        1.0,
        1.0,
        1.0,
        1.0,
        1.0,
        1.0,
        1.0,
        1.0,
        1.0,
        1.0,
        1.0,
        1.0,
        1.0,
        1.0,
        1.0,
        1.0,
        1.0,
        1.0,
        1.0,
        1.0,
        1.0,
        1.0,
        1.0,
        1.0,
        1.0,
        1.0,
        1.0,
        1.0,
        1.0,
        1.0,
        1.0,
        1.0,
        1.0,
        1.0,
        1.0,
        1.0,
        1.0,
        1.0,
        1.0,
        1.0,
        1.0,
        1.0,
        1.0,
        1.0,
        1.0,
        1.0,
        1.0,
        1.0,
        1.0,
        1.0,
        1.0,
        1.0,
        1.0,
        1.0,
        1.0,
        1.0,
        1.0,
        1.0,
        1.0,
        0.0,
        0.0,
        0.0,
        0.0,
        0.0,
        0.0,
        0.0,
        0.0,
        0.0,
        0.0,
        0.0,
        0.0,
        0.0,
        0.0,
        0.0,
        0.0,
        0.0,
        0.0,
        0.0,
        0.0,
        0.0,
        0.0,
        0.0,
        0.0,
        0.0
    ],
    "fitnesses": [
        1.3715000000000002,
        1.258,
        1.24725,
        1.2095,
        1.1300000000000001,
        1.076,
        1.0630000000000002,
        1.0605,
        1.053,
        1.052,
        1.0434999999999999,
        1.0415,
        1.0365,
        1.036,
        1.034,
        1.032,
        1.028,
        1.01975,
        1.018,
        1.01625,
        1.0155,
        1.0155,
        1.0150000000000001,
        1.0145,
        1.0135,
        1.0130000000000001,
        1.013,
        1.013,
        1.0115,
        1.0115,
        1.0115,
        1.0110000000000001,
        1.011,
        1.0105,
        1.0105,
        1.01025,
        1.01,
        1.0095,
        1.0095,
        1.009,
        1.0085000000000002,
        1.0085,
        1.008,
        1.00725,
        1.0070000000000001,
        1.0070000000000001,
        1.0070000000000001,
        1.0070000000000001,
        1.0070000000000001,
        1.00675,
        1.0065,
        1.0065,
        1.006,
        1.006,
        1.006,
        1.006,
        1.006,
        1.0055,
        1.0055,
        1.005,
        1.005,
        1.005,
        1.005,
        1.0045,
        1.0045,
        1.0045,
        1.0045,
        1.0045,
        1.0042499999999999,
        1.0042499999999999,
        1.0042499999999999,
        1.004,
        1.004,
        1.004,
        1.00375,
        1.0035,
        1.0030000000000001,
        1.0030000000000001,
        1.0030000000000001,
        1.0030000000000001,
        1.0,
        1.0,
        1.0,
        1.0,
        1.0,
        1.0,
        1.0,
        1.0,
        1.0,
        1.0,
        1.0,
        1.0,
        1.0,
        1.0,
        1.0,
        1.0,
        1.0,
        1.0,
        1.0,
        1.0,
        0.9795,
        0.8705,
        0.5509999999999999,
        0.2535,
        0.25,
        0.0,
        0.0,
        0.0,
        0.0,
        0.0
    ],
    "time": 6.21
}