{
    "bestAvgScore": 103.75,
    "avgScore": 74.67434869739479,
    "bestAvgFitness": 453.15897504950493,
    "avgFitness": 194.41948779608805,
    "top10AvgFitness": 352.3809491574801,
    "top25AvgFitness": 318.9968813821764,
    "time": 415.69
}