{
    "bestAvgScore": 102.75,
    "avgScore": 81.57225,
    "bestAvgFitness": 464.5668657191128,
    "avgFitness": 230.0863969697142,
    "top10AvgFitness": 395.4415985231137,
    "top25AvgFitness": 366.2250686932797,
    "time": 852.46
}