{
    "bestAvgScore": 35.6,
    "avgScore": 12.5533,
    "bestAvgFitness": 63897.5718,
    "avgFitness": 5606.816972999999,
    "top10AvgFitness": 29481.351851999993,
    "top25AvgFitness": 19621.7826976,
    "time": 219.26
}