{
    "bestAvgScore": 106.5,
    "avgScore": 80.57325,
    "bestAvgFitness": 503.1691417079208,
    "avgFitness": 223.4681008158808,
    "top10AvgFitness": 395.012074695533,
    "top25AvgFitness": 358.87026772128684,
    "time": 830.53
}