{
    "bestAvgScore": 104.5,
    "avgScore": 79.47895791583166,
    "bestAvgFitness": 465.6822538845661,
    "avgFitness": 218.7838885415685,
    "top10AvgFitness": 383.11365339210585,
    "top25AvgFitness": 348.2440079564275,
    "time": 425.55
}