{
    "bestAvgScore": 23.2,
    "avgScore": 6.5761,
    "bestAvgFitness": 22792.0826,
    "avgFitness": 1248.5807595,
    "top10AvgFitness": 8585.471,
    "top25AvgFitness": 5926.8103544,
    "time": 157.53
}