{
    "bestAvgScore": 100.5,
    "avgScore": 73.57125,
    "bestAvgFitness": 384.2773959851485,
    "avgFitness": 167.6097873248993,
    "top10AvgFitness": 296.44029687912047,
    "top25AvgFitness": 270.31625119623266,
    "time": 760.61
}