{
    "bestAvgScore": 3.25,
    "avgScore": 0.0645,
    "bestAvgFitness": 1.248,
    "avgFitness": 0.09367124999999998,
    "top10AvgFitness": 1.017605,
    "top25AvgFitness": 0.7493699999999999,
    "time": 5.32
}