{
    "bestAvgScore": 9.5,
    "avgScore": 2.53275,
    "bestAvgFitness": 3115.606,
    "avgFitness": 79.42591825000001,
    "top10AvgFitness": 964.0866550000001,
    "top25AvgFitness": 500.92444799999987,
    "time": 43.51
}