{
    "bestAvgScore": 104.5,
    "avgScore": 80.6815,
    "bestAvgFitness": 464.92920936831683,
    "avgFitness": 224.10182115031105,
    "top10AvgFitness": 401.66323780932095,
    "top25AvgFitness": 367.0852814523741,
    "time": 841.66
}