{
    "bestAvgScore": 106.0,
    "avgScore": 81.5185,
    "bestAvgFitness": 471.8476107920792,
    "avgFitness": 228.5476442977202,
    "top10AvgFitness": 403.59991312444,
    "top25AvgFitness": 367.86512513825187,
    "time": 847.58
}