{
    "bestAvgScore": 78.4,
    "avgScore": 44.773,
    "bestAvgFitness": 1318618.4456,
    "avgFitness": 486927.59919870005,
    "top10AvgFitness": 1062757.4280979997,
    "top25AvgFitness": 957867.5264096,
    "time": 809.33
}