{
    "bestAvgScore": 52.25,
    "avgScore": 40.079,
    "bestAvgFitness": 38.31713502138905,
    "avgFitness": 18.308489864667806,
    "top10AvgFitness": 32.06705128828382,
    "top25AvgFitness": 29.78065485854458,
    "time": 625.18
}