{
    "bestAvgScore": 98.25,
    "avgScore": 73.1182364729459,
    "bestAvgFitness": 371.87426875,
    "avgFitness": 163.9929191291782,
    "top10AvgFitness": 305.02695692244447,
    "top25AvgFitness": 272.1084031896097,
    "time": 369.82
}