{
    "bestAvgScore": 74.0,
    "avgScore": 46.3731,
    "bestAvgFitness": 1008206.7882,
    "avgFitness": 423012.06995390006,
    "top10AvgFitness": 827452.773206,
    "top25AvgFitness": 762539.0260624001,
    "time": 762.81
}