{
    "highScore": 3.0,
    "scores": [
        3.0,
        2.0,
        2.0,
        2.0,
        2.0,
        2.0,
        2.0,
        2.0,
        2.0,
        2.0,
        2.0,
        1.0,
        1.0,
        1.0,
        1.0,
        1.0,
        1.0,
        1.0,
        1.0,
        1.0,
        1.0,
        1.0,
        1.0,
        1.0,
        1.0,
        1.0,
        1.0,
        1.0,
        1.0,
        1.0,
        1.0,
        1.0,
        1.0,
        1.0,
        1.0,
        1.0,
        1.0,
        1.0,
        1.0,
        1.0,
        1.0,
        1.0,
        1.0,
        1.0,
        1.0,
        1.0,
        1.0,
        1.0,
        1.0,
        1.0,
        1.0,
        1.0,
        1.0,
        1.0,
        1.0,
        1.0,
        1.0,
        1.0,
        1.0,
        1.0,
        1.0,
        1.0,
        1.0,
        1.0,
        1.0,
        1.0,
        1.0,
        1.0,
        1.0,
        0.0,
        0.0,
        0.0,
        0.0,
        0.0,
        0.0,
        0.0,
        0.0,
        0.0,
        0.0,
        0.0,
        0.0,
        0.0,
        0.0,
        0.0,
        0.0,
        0.0,
        0.0,
        0.0,
        0.0,
        0.0,
        0.0,
        0.0,
        0.0,
        0.0,
        0.0,
        0.0,
        0.0,
        0.0,
        0.0,
        0.0,
        0.0,
        0.0,
        0.0,
        0.0,
        0.0,
        0.0,
        0.0,
        0.0,
        0.0,
        0.0
    ],
    "fitnesses": [
        1.21675,
        1.06825,
        1.0619999999999998,
        1.0545,
        1.054,
        1.05075,
        1.05075,
        1.049,
        1.036,
        1.034,
        1.028,
        1.0165,
        1.0162499999999999,
        1.012,
        1.012,
        1.01075,
        1.00975,
        1.0095,
        1.0095,
        1.00875,
        1.0085,
        1.008,
        1.008,
        1.00775,
        1.0070000000000001,
        1.0070000000000001,
        1.00625,
        1.006,
        1.00575,
        1.0055,
        1.0055,
        1.0055,
        1.0055,
        1.00525,
        1.005,
        1.0045,
        1.0045,
        1.0045,
        1.0045,
        1.0045,
        1.0042499999999999,
        1.004,
        1.004,
        1.00375,
        1.00375,
        1.0035,
        1.0035,
        1.00325,
        1.00325,
        1.00325,
        1.00325,
        1.00325,
        1.0030000000000001,
        1.0030000000000001,
        1.0030000000000001,
        1.0030000000000001,
        1.0030000000000001,
        1.0030000000000001,
        1.0025,
        1.0025,
        1.0,
        1.0,
        1.0,
        1.0,
        1.0,
        1.0,
        1.0,
        1.0,
        1.0,
        1.0,
        1.0,
        1.0,
        1.0,
        1.0,
        1.0,
        1.0,
        1.0,
        1.0,
        1.0,
        1.0,
        1.0,
        1.0,
        1.0,
        1.0,
        1.0,
        1.0,
        1.0,
        1.0,
        1.0,
        1.0,
        1.0,
        1.0,
        0.807,
        0.7645,
        0.75,
        0.75,
        0.5065,
        0.506,
        0.5,
        0.326,
        0.25775,
        0.25675,
        0.0,
        0.0,
        0.0,
        0.0,
        0.0,
        0.0,
        0.0,
        0.0
    ],
    "time": 6.34
}