{
    "bestAvgScore": 83.8,
    "avgScore": 44.1039,
    "bestAvgFitness": 1777014.5276000001,
    "avgFitness": 610115.788437,
    "top10AvgFitness": 1342061.1980259998,
    "top25AvgFitness": 1225822.2209120002,
    "time": 851.67
}