{
    "bestAvgScore": 106.5,
    "avgScore": 82.49098196392785,
    "bestAvgFitness": 505.39161474665116,
    "avgFitness": 247.29480715969194,
    "top10AvgFitness": 434.8573319070663,
    "top25AvgFitness": 395.5999435867457,
    "time": 447.28
}