{
    "bestAvgScore": 18.2,
    "avgScore": 3.269,
    "bestAvgFitness": 11644.768399999999,
    "avgFitness": 268.872987,
    "top10AvgFitness": 3274.9104140000004,
    "top25AvgFitness": 1727.827596,
    "time": 102.23
}