{
    "bestAvgScore": 107.75,
    "avgScore": 83.07715430861724,
    "bestAvgFitness": 537.980947967016,
    "avgFitness": 251.60206450037276,
    "top10AvgFitness": 437.1237179459313,
    "top25AvgFitness": 402.06722112885984,
    "time": 484.48
}