{
    "bestAvgScore": 82.6,
    "avgScore": 44.701600000000006,
    "bestAvgFitness": 1785872.9594,
    "avgFitness": 634610.141684,
    "top10AvgFitness": 1402499.046164,
    "top25AvgFitness": 1272515.9947504,
    "time": 861.51
}