{
    "bestAvgScore": 102.5,
    "avgScore": 79.47044088176352,
    "bestAvgFitness": 437.43807689320033,
    "avgFitness": 216.21796473916248,
    "top10AvgFitness": 376.26432836182903,
    "top25AvgFitness": 344.57842342418905,
    "time": 432.87
}