{
    "bestAvgScore": 63.4,
    "avgScore": 41.23,
    "bestAvgFitness": 440186.1558,
    "avgFitness": 194862.03671600003,
    "top10AvgFitness": 356068.896122,
    "top25AvgFitness": 334460.1399344,
    "time": 611.78
}