{
    "bestAvgScore": 108.5,
    "avgScore": 81.99448897795591,
    "bestAvgFitness": 548.5399782158415,
    "avgFitness": 247.39529328837472,
    "top10AvgFitness": 430.9950799121595,
    "top25AvgFitness": 396.95644306865705,
    "time": 446.86
}