{
    "bestAvgScore": 62.2,
    "avgScore": 41.696600000000004,
    "bestAvgFitness": 419345.19419999997,
    "avgFitness": 202349.85691889995,
    "top10AvgFitness": 363802.6089260001,
    "top25AvgFitness": 342247.35194799997,
    "time": 625.56
}