{
    "bestAvgScore": 103.5,
    "avgScore": 78.07775,
    "bestAvgFitness": 472.67181711520095,
    "avgFitness": 200.43718238383218,
    "top10AvgFitness": 361.799015926819,
    "top25AvgFitness": 329.4552221528474,
    "time": 813.36
}