{
    "bestAvgScore": 100.5,
    "avgScore": 79.28957915831663,
    "bestAvgFitness": 398.97243563337213,
    "avgFitness": 214.7589494686258,
    "top10AvgFitness": 352.36820222211276,
    "top25AvgFitness": 331.87465685488934,
    "time": 428.88
}