{
    "bestAvgScore": 102.5,
    "avgScore": 77.99,
    "bestAvgFitness": 474.3095080407094,
    "avgFitness": 203.99323508561514,
    "top10AvgFitness": 366.6445834954746,
    "top25AvgFitness": 333.03805347711636,
    "time": 794.73
}