{
    "bestAvgScore": 54.25,
    "avgScore": 39.06925,
    "bestAvgFitness": 40.035417280198025,
    "avgFitness": 17.765989327829953,
    "top10AvgFitness": 32.594401124096585,
    "top25AvgFitness": 29.957162483910697,
    "time": 620.48
}