{
    "bestAvgScore": 103.0,
    "avgScore": 77.78507014028057,
    "bestAvgFitness": 418.69011376935066,
    "avgFitness": 207.90261057960402,
    "top10AvgFitness": 360.22001839355255,
    "top25AvgFitness": 329.3966185387852,
    "time": 430.62
}