{
    "bestAvgScore": 43.6,
    "avgScore": 18.3537,
    "bestAvgFitness": 114979.51800000001,
    "avgFitness": 20625.979963799997,
    "top10AvgFitness": 65380.842366000004,
    "top25AvgFitness": 55160.243053599996,
    "time": 326.42
}