{
    "bestAvgScore": 54.4,
    "avgScore": 33.386199999999995,
    "bestAvgFitness": 239479.90120000002,
    "avgFitness": 96036.1047695,
    "top10AvgFitness": 194494.05621200002,
    "top25AvgFitness": 181300.2753024,
    "time": 499.98
}