{
    "bestAvgScore": 3.25,
    "avgScore": 0.17225,
    "bestAvgFitness": 39.79599999999999,
    "avgFitness": 0.950618,
    "top10AvgFitness": 3.78394,
    "top25AvgFitness": 2.13518,
    "time": 9.32
}