{
    "bestAvgScore": 9.0,
    "avgScore": 1.96675,
    "bestAvgFitness": 1550.2542500000002,
    "avgFitness": 37.0691475,
    "top10AvgFitness": 444.23955499999994,
    "top25AvgFitness": 235.88863999999998,
    "time": 36.73
}