{
    "bestAvgScore": 71.6,
    "avgScore": 44.532599999999995,
    "bestAvgFitness": 955854.6369999999,
    "avgFitness": 348185.8924533,
    "top10AvgFitness": 693408.712622,
    "top25AvgFitness": 640182.9575144,
    "time": 735.85
}