{
    "bestAvgScore": 95.75,
    "avgScore": 71.90425,
    "bestAvgFitness": 332.0709690593865,
    "avgFitness": 160.59259825666336,
    "top10AvgFitness": 287.55669495567605,
    "top25AvgFitness": 263.143627270358,
    "time": 741.81
}