{
    "bestAvgScore": 103.5,
    "avgScore": 79.17334669338678,
    "bestAvgFitness": 450.81363172199576,
    "avgFitness": 221.9115796924205,
    "top10AvgFitness": 389.77987878561186,
    "top25AvgFitness": 358.538028390341,
    "time": 427.4
}