{
    "bestAvgScore": 53.2,
    "avgScore": 31.987700000000004,
    "bestAvgFitness": 221228.9396,
    "avgFitness": 85033.06273739999,
    "top10AvgFitness": 178497.647502,
    "top25AvgFitness": 163629.47498640002,
    "time": 486.85
}