{
    "bestAvgScore": 105.5,
    "avgScore": 81.546,
    "bestAvgFitness": 485.5827816653466,
    "avgFitness": 228.37218761736153,
    "top10AvgFitness": 392.40967817832103,
    "top25AvgFitness": 364.54624063307546,
    "time": 839.23
}