{
    "bestAvgScore": 99.5,
    "avgScore": 70.32665330661322,
    "bestAvgFitness": 356.3550180938119,
    "avgFitness": 138.48072997595565,
    "top10AvgFitness": 279.57535203559905,
    "top25AvgFitness": 250.6189703748224,
    "time": 347.66
}