{
    "bestAvgScore": 68.0,
    "avgScore": 44.35039999999999,
    "bestAvgFitness": 639685.4866000001,
    "avgFitness": 285765.2224926,
    "top10AvgFitness": 524495.478626,
    "top25AvgFitness": 494904.90982480004,
    "time": 691.21
}