{
    "bestAvgScore": 104.25,
    "avgScore": 79.1765,
    "bestAvgFitness": 455.30932350148515,
    "avgFitness": 210.44526238606824,
    "top10AvgFitness": 369.3456685884589,
    "top25AvgFitness": 338.6322610954361,
    "time": 820.89
}