{
    "bestAvgScore": 108.25,
    "avgScore": 81.99248496993988,
    "bestAvgFitness": 562.8979775680693,
    "avgFitness": 242.26942998445227,
    "top10AvgFitness": 441.8270482392504,
    "top25AvgFitness": 400.20638691553273,
    "time": 449.97
}