{
    "bestAvgScore": 52.5,
    "avgScore": 39.7135,
    "bestAvgFitness": 35.79987431856436,
    "avgFitness": 17.744954125771006,
    "top10AvgFitness": 31.3947116023876,
    "top25AvgFitness": 29.284232070486574,
    "time": 613.49
}