{
    "bestAvgScore": 107.75,
    "avgScore": 81.6062124248497,
    "bestAvgFitness": 537.555082831489,
    "avgFitness": 242.38453757508276,
    "top10AvgFitness": 421.5906592789,
    "top25AvgFitness": 382.83217098811804,
    "time": 441.45
}