{
    "bestAvgScore": 71.6,
    "avgScore": 45.5197,
    "bestAvgFitness": 862407.8408,
    "avgFitness": 359355.32245599997,
    "top10AvgFitness": 692103.7375159999,
    "top25AvgFitness": 642068.7293207999,
    "time": 740.66
}