{
    "bestAvgScore": 56.6,
    "avgScore": 37.6865,
    "bestAvgFitness": 273509.52400000003,
    "avgFitness": 131540.4209962,
    "top10AvgFitness": 238500.61277800004,
    "top25AvgFitness": 222232.83969520003,
    "time": 552.91
}