{
    "bestAvgScore": 22.6,
    "avgScore": 4.7067000000000005,
    "bestAvgFitness": 15471.1424,
    "avgFitness": 669.4368311999999,
    "top10AvgFitness": 6173.709892,
    "top25AvgFitness": 3908.8188999999998,
    "time": 128.09
}