{
    "bestAvgScore": 6.5,
    "avgScore": 0.517,
    "bestAvgFitness": 552.804,
    "avgFitness": 3.2344589999999998,
    "top10AvgFitness": 45.26618499999999,
    "top25AvgFitness": 20.098892000000003,
    "time": 16.26
}