{
    "bestAvgScore": 55.2,
    "avgScore": 36.3171,
    "bestAvgFitness": 271431.256,
    "avgFitness": 120685.4336846,
    "top10AvgFitness": 216734.898576,
    "top25AvgFitness": 205632.62436000002,
    "time": 532.89
}