{
    "bestAvgScore": 105.75,
    "avgScore": 79.97275,
    "bestAvgFitness": 463.7608833279945,
    "avgFitness": 219.66385840254682,
    "top10AvgFitness": 393.3304893574972,
    "top25AvgFitness": 360.0029687183542,
    "time": 837.43
}