{
    "bestAvgScore": 61.2,
    "avgScore": 39.876,
    "bestAvgFitness": 374384.33320000005,
    "avgFitness": 180393.9534122,
    "top10AvgFitness": 334221.50779,
    "top25AvgFitness": 316544.7114192,
    "time": 597.71
}