{
    "bestAvgScore": 104.25,
    "avgScore": 80.17935871743487,
    "bestAvgFitness": 460.254892240099,
    "avgFitness": 231.28575072009892,
    "top10AvgFitness": 400.6261254766172,
    "top25AvgFitness": 368.6087722118176,
    "time": 431.4
}