{
    "bestAvgScore": 73.6,
    "avgScore": 45.8755,
    "bestAvgFitness": 913131.0220000001,
    "avgFitness": 391998.86775959993,
    "top10AvgFitness": 754476.8911079998,
    "top25AvgFitness": 701050.5390223999,
    "time": 755.4
}