{
    "bestAvgScore": 64.2,
    "avgScore": 40.9,
    "bestAvgFitness": 466425.25320000004,
    "avgFitness": 211934.33840409998,
    "top10AvgFitness": 399114.0174560001,
    "top25AvgFitness": 371835.4630624,
    "time": 630.01
}