{
    "bestAvgScore": 107.5,
    "avgScore": 78.82475,
    "bestAvgFitness": 506.99152516926813,
    "avgFitness": 213.59711702378968,
    "top10AvgFitness": 384.11729689960356,
    "top25AvgFitness": 347.2606491072508,
    "time": 808.95
}