{
    "bestAvgScore": 54.2,
    "avgScore": 32.1479,
    "bestAvgFitness": 250630.49699999997,
    "avgFitness": 89156.8850046,
    "top10AvgFitness": 189379.564514,
    "top25AvgFitness": 173803.42411360002,
    "time": 485.73
}