{
    "bestAvgScore": 10.5,
    "avgScore": 2.41375,
    "bestAvgFitness": 6346.602,
    "avgFitness": 72.70597550000001,
    "top10AvgFitness": 894.806,
    "top25AvgFitness": 470.41699,
    "time": 41.28
}