{
    "bestAvgScore": 54.8,
    "avgScore": 34.3143,
    "bestAvgFitness": 246451.3242,
    "avgFitness": 105018.41835240001,
    "top10AvgFitness": 205242.89114600004,
    "top25AvgFitness": 192507.60937519997,
    "time": 512.51
}