{
    "bestAvgScore": 77.2,
    "avgScore": 46.17559999999999,
    "bestAvgFitness": 1311561.5364,
    "avgFitness": 445342.007478,
    "top10AvgFitness": 896833.4759800001,
    "top25AvgFitness": 820091.2979472,
    "time": 773.83
}