{
    "bestAvgScore": 21.25,
    "avgScore": 4.4955,
    "bestAvgFitness": 107446.72325,
    "avgFitness": 631.2100350000001,
    "top10AvgFitness": 7473.317825,
    "top25AvgFitness": 3903.5447860000004,
    "time": 67.04
}