{
    "bestAvgScore": 35.6,
    "avgScore": 11.6483,
    "bestAvgFitness": 58318.9486,
    "avgFitness": 4359.0220449,
    "top10AvgFitness": 19300.225781999998,
    "top25AvgFitness": 14408.775824800001,
    "time": 204.94
}