{
    "bestAvgScore": 50.75,
    "avgScore": 34.12875,
    "bestAvgFitness": 20.15095366078431,
    "avgFitness": 6.822769287804346,
    "top10AvgFitness": 14.879743968750178,
    "top25AvgFitness": 12.993689453843988,
    "time": 325.67
}