{
    "bestAvgScore": 2.5,
    "avgScore": 0.0395263509006004,
    "bestAvgFitness": 1.06625,
    "avgFitness": 0.03326901267511674,
    "top10AvgFitness": 0.6649366666666666,
    "top25AvgFitness": 0.2666858288770053,
    "time": 6.32
}