{
    "bestAvgScore": 89.75,
    "avgScore": 60.97945891783567,
    "bestAvgFitness": 243.85863924183167,
    "avgFitness": 81.2308176051952,
    "top10AvgFitness": 193.2114506412549,
    "top25AvgFitness": 170.91715967324092,
    "time": 277.83
}