{
    "bestAvgScore": 101.0,
    "avgScore": 79.30160320641282,
    "bestAvgFitness": 430.6025397990099,
    "avgFitness": 211.46045595005316,
    "top10AvgFitness": 363.97442882894177,
    "top25AvgFitness": 336.3864306919697,
    "time": 428.08
}