{
    "bestAvgScore": 104.0,
    "avgScore": 80.59869739478958,
    "bestAvgFitness": 475.12497213321683,
    "avgFitness": 235.33131800800228,
    "top10AvgFitness": 416.8825074855685,
    "top25AvgFitness": 387.117617678242,
    "time": 438.25
}