{
    "bestAvgScore": 52.75,
    "avgScore": 39.117,
    "bestAvgFitness": 36.067644387376234,
    "avgFitness": 16.05317395098081,
    "top10AvgFitness": 29.486334527583516,
    "top25AvgFitness": 27.299144203657608,
    "time": 566.67
}