{
    "bestAvgScore": 53.0,
    "avgScore": 39.845,
    "bestAvgFitness": 41.700606545331,
    "avgFitness": 18.28835471060534,
    "top10AvgFitness": 32.91721416434327,
    "top25AvgFitness": 30.263466391257474,
    "time": 626.83
}