{
    "bestAvgScore": 105.75,
    "avgScore": 80.13026052104209,
    "bestAvgFitness": 476.00684302475247,
    "avgFitness": 234.31882314580915,
    "top10AvgFitness": 403.9546894771388,
    "top25AvgFitness": 371.61524168513984,
    "time": 440.36
}