{
    "bestAvgScore": 103.75,
    "avgScore": 80.62225,
    "bestAvgFitness": 448.96880501633655,
    "avgFitness": 224.61093721854604,
    "top10AvgFitness": 388.1690526854674,
    "top25AvgFitness": 359.2051984243109,
    "time": 843.31
}