{
    "bestAvgScore": 9.0,
    "avgScore": 0.6773,
    "bestAvgFitness": 1167.8842,
    "avgFitness": 7.128090200000001,
    "top10AvgFitness": 110.92900000000002,
    "top25AvgFitness": 49.685462400000006,
    "time": 45.92
}