{
    "bestAvgScore": 1.25,
    "avgScore": 0.12675350701402804,
    "bestAvgFitness": 2.76925,
    "avgFitness": 0.8668371743486974,
    "top10AvgFitness": 1.6158,
    "top25AvgFitness": 1.2846895161290321,
    "time": 5.49
}