{
    "bestAvgScore": 62.0,
    "avgScore": 39.1135,
    "bestAvgFitness": 418764.805,
    "avgFitness": 164231.54235280002,
    "top10AvgFitness": 314407.71330799995,
    "top25AvgFitness": 290586.5007056,
    "time": 584.73
}