{
    "bestAvgScore": 104.75,
    "avgScore": 73.05360721442885,
    "bestAvgFitness": 414.0368171782178,
    "avgFitness": 169.84666977993072,
    "top10AvgFitness": 319.4217451423032,
    "top25AvgFitness": 289.1743349031711,
    "time": 371.63
}