{
    "bestAvgScore": 100.0,
    "avgScore": 72.40581162324649,
    "bestAvgFitness": 396.8043404284314,
    "avgFitness": 161.2198528630426,
    "top10AvgFitness": 305.69955758492006,
    "top25AvgFitness": 273.153939215122,
    "time": 370.11
}