{
    "bestAvgScore": 84.4,
    "avgScore": 45.5012,
    "bestAvgFitness": 1964047.9126,
    "avgFitness": 651775.5947495999,
    "top10AvgFitness": 1449952.671864,
    "top25AvgFitness": 1307976.9466944002,
    "time": 872.05
}