{
    "bestAvgScore": 28.4,
    "avgScore": 7.976500000000001,
    "bestAvgFitness": 32854.9632,
    "avgFitness": 1753.2872322,
    "top10AvgFitness": 10436.82357,
    "top25AvgFitness": 7298.437433599999,
    "time": 165.52
}