{
    "bestAvgScore": 107.75,
    "avgScore": 73.7565130260521,
    "bestAvgFitness": 539.2752102851485,
    "avgFitness": 174.42297570434553,
    "top10AvgFitness": 340.2668941687116,
    "top25AvgFitness": 302.5504887262207,
    "time": 377.48
}