{
    "highScore": 7.0,
    "scores": [
        7.0,
        5.0,
        4.0,
        4.0,
        4.0,
        4.0,
        3.0,
        3.0,
        3.0,
        3.0,
        2.0,
        2.0,
        2.0,
        2.0,
        2.0,
        2.0,
        2.0,
        2.0,
        2.0,
        2.0,
        2.0,
        2.0,
        2.0,
        2.0,
        1.0,
        1.0,
        1.0,
        1.0,
        1.0,
        1.0,
        1.0,
        1.0,
        1.0,
        1.0,
        1.0,
        1.0,
        1.0,
        1.0,
        1.0,
        1.0,
        1.0,
        1.0,
        1.0,
        1.0,
        1.0,
        1.0,
        1.0,
        1.0,
        1.0,
        1.0,
        1.0,
        1.0,
        1.0,
        1.0,
        1.0,
        1.0,
        1.0,
        1.0,
        1.0,
        1.0,
        1.0,
        1.0,
        1.0,
        1.0,
        1.0,
        1.0,
        1.0,
        1.0,
        1.0,
        1.0,
        1.0,
        1.0,
        1.0,
        1.0,
        1.0,
        1.0,
        1.0,
        1.0,
        1.0,
        1.0,
        1.0,
        1.0,
        0.0,
        0.0,
        0.0,
        0.0,
        0.0,
        0.0,
        0.0,
        0.0,
        0.0,
        0.0,
        0.0,
        0.0,
        0.0,
        0.0,
        0.0,
        0.0,
        0.0,
        0.0,
        0.0,
        0.0,
        0.0,
        0.0,
        0.0,
        0.0,
        0.0,
        0.0,
        0.0,
        0.0
    ],
    "fitnesses": [
        15.517,
        3.0635,
        1.77225,
        1.576,
        1.3864999999999998,
        1.30975,
        1.2229999999999999,
        1.1967500000000002,
        1.092,
        1.0890000000000002,
        1.084,
        1.065,
        1.056,
        1.055,
        1.044,
        1.04325,
        1.041,
        1.036,
        1.034,
        1.034,
        1.028,
        1.0150000000000001,
        1.01325,
        1.0125,
        1.0125,
        1.012,
        1.012,
        1.012,
        1.0115,
        1.0115,
        1.01125,
        1.0110000000000001,
        1.011,
        1.01,
        1.01,
        1.00975,
        1.0095,
        1.0095,
        1.009,
        1.009,
        1.0085,
        1.008,
        1.008,
        1.0075,
        1.0075,
        1.0070000000000001,
        1.0070000000000001,
        1.0065,
        1.00625,
        1.006,
        1.006,
        1.00575,
        1.0055,
        1.0055,
        1.0055,
        1.0055,
        1.0055,
        1.005,
        1.005,
        1.005,
        1.005,
        1.0045,
        1.0045,
        1.0042499999999999,
        1.0042499999999999,
        1.0042499999999999,
        1.0042499999999999,
        1.0042499999999999,
        1.004,
        1.00375,
        1.0035,
        1.0035,
        1.0030000000000001,
        1.00275,
        1.0025,
        1.0,
        1.0,
        1.0,
        1.0,
        1.0,
        1.0,
        1.0,
        1.0,
        1.0,
        1.0,
        1.0,
        1.0,
        1.0,
        1.0,
        1.0,
        1.0,
        1.0,
        1.0,
        1.0,
        1.0,
        1.0,
        1.0,
        1.0,
        1.0,
        0.93525,
        0.8520000000000001,
        0.75525,
        0.50525,
        0.5,
        0.25,
        0.0,
        0.0,
        0.0,
        0.0,
        0.0
    ],
    "time": 6.42
}