{
    "bestAvgScore": 2.5,
    "avgScore": 0.138,
    "bestAvgFitness": 9.829,
    "avgFitness": 0.85121075,
    "top10AvgFitness": 1.6655200000000001,
    "top25AvgFitness": 1.2830200000000003,
    "time": 9.13
}