{
    "bestAvgScore": 53.25,
    "avgScore": 39.11825,
    "bestAvgFitness": 37.71929245777519,
    "avgFitness": 17.787321293077085,
    "top10AvgFitness": 31.818310275847306,
    "top25AvgFitness": 29.794939447891267,
    "time": 618.47
}