{
    "bestAvgScore": 100.25,
    "avgScore": 74.412,
    "bestAvgFitness": 392.41913992574257,
    "avgFitness": 169.1708424506961,
    "top10AvgFitness": 309.31202401455846,
    "top25AvgFitness": 280.4236046728954,
    "time": 753.61
}