{
    "bestAvgScore": 5.25,
    "avgScore": 0.0445,
    "bestAvgFitness": 1.04075,
    "avgFitness": 0.019856000000000002,
    "top10AvgFitness": 0.39712000000000003,
    "top25AvgFitness": 0.15884800000000002,
    "time": 3.65
}