{
    "bestAvgScore": 98.5,
    "avgScore": 73.4934869739479,
    "bestAvgFitness": 353.6989842600175,
    "avgFitness": 163.39024528283323,
    "top10AvgFitness": 300.4352212865707,
    "top25AvgFitness": 274.73722362041724,
    "time": 374.38
}