{
    "bestAvgScore": 86.0,
    "avgScore": 53.14929859719439,
    "bestAvgFitness": 172.66633273296446,
    "avgFitness": 15.213011693639471,
    "top10AvgFitness": 114.55479214693486,
    "top25AvgFitness": 84.73091110641964,
    "time": 229.52
}