{
    "bestAvgScore": 51.5,
    "avgScore": 34.65925,
    "bestAvgFitness": 20.335153295719277,
    "avgFitness": 7.108135799358048,
    "top10AvgFitness": 15.196970987777748,
    "top25AvgFitness": 13.487288496430565,
    "time": 327.9
}