{
    "bestAvgScore": 0.75,
    "avgScore": 0.021042084168336674,
    "bestAvgFitness": 0.25,
    "avgFitness": 0.001503006012024048,
    "top10AvgFitness": 0.03,
    "top25AvgFitness": 0.012096774193548387,
    "time": 1.2
}