{
    "bestAvgScore": 105.0,
    "avgScore": 79.84825,
    "bestAvgFitness": 460.67946812269463,
    "avgFitness": 215.71606432458404,
    "top10AvgFitness": 385.9266652998038,
    "top25AvgFitness": 353.3803388234747,
    "time": 848.39
}