{
    "bestAvgScore": 12.5,
    "avgScore": 1.3,
    "bestAvgFitness": 7712.011750000001,
    "avgFitness": 47.640881,
    "top10AvgFitness": 815.8892900000002,
    "top25AvgFitness": 358.703678,
    "time": 31.53
}