{
    "bestAvgScore": 62.0,
    "avgScore": 40.8942,
    "bestAvgFitness": 427541.0868,
    "avgFitness": 201645.8389544,
    "top10AvgFitness": 365255.0857779999,
    "top25AvgFitness": 343688.40721919993,
    "time": 624.29
}