{
    "bestAvgScore": 11.5,
    "avgScore": 2.5875,
    "bestAvgFitness": 6514.29875,
    "avgFitness": 82.82762824999999,
    "top10AvgFitness": 972.6871849999999,
    "top25AvgFitness": 513.680192,
    "time": 43.47
}