{
    "bestAvgScore": 12.75,
    "avgScore": 2.817,
    "bestAvgFitness": 9074.59575,
    "avgFitness": 121.79163125000001,
    "top10AvgFitness": 1479.92668,
    "top25AvgFitness": 783.7456579999999,
    "time": 44.28
}