{
    "bestAvgScore": 105.25,
    "avgScore": 80.34525,
    "bestAvgFitness": 498.83004134901967,
    "avgFitness": 222.23918975525962,
    "top10AvgFitness": 403.65695611028127,
    "top25AvgFitness": 367.1202554284851,
    "time": 830.88
}