{
    "bestAvgScore": 53.5,
    "avgScore": 39.30275,
    "bestAvgFitness": 40.39280071980198,
    "avgFitness": 17.91329062370162,
    "top10AvgFitness": 32.09661257928679,
    "top25AvgFitness": 29.74681354681054,
    "time": 625.41
}