{
    "bestAvgScore": 7.75,
    "avgScore": 1.38975,
    "bestAvgFitness": 1289.4802499999998,
    "avgFitness": 15.541508250000001,
    "top10AvgFitness": 209.56629,
    "top25AvgFitness": 103.990298,
    "time": 29.58
}