{
    "bestAvgScore": 52.25,
    "avgScore": 39.2265,
    "bestAvgFitness": 34.61190622549505,
    "avgFitness": 17.817116709194117,
    "top10AvgFitness": 31.32946708151669,
    "top25AvgFitness": 29.4403898208004,
    "time": 642.63
}