{
    "bestAvgScore": 102.0,
    "avgScore": 74.809,
    "bestAvgFitness": 436.14452234274904,
    "avgFitness": 178.21126031664787,
    "top10AvgFitness": 329.31732719527486,
    "top25AvgFitness": 296.81199738493643,
    "time": 775.05
}