{
    "highScore": 3.0,
    "scores": [
        3.0,
        3.0,
        3.0,
        2.0,
        2.0,
        2.0,
        2.0,
        2.0,
        2.0,
        2.0,
        2.0,
        2.0,
        2.0,
        2.0,
        2.0,
        2.0,
        1.0,
        1.0,
        1.0,
        1.0,
        1.0,
        1.0,
        1.0,
        1.0,
        1.0,
        1.0,
        1.0,
        1.0,
        1.0,
        1.0,
        1.0,
        1.0,
        1.0,
        1.0,
        1.0,
        1.0,
        1.0,
        1.0,
        1.0,
        1.0,
        1.0,
        1.0,
        1.0,
        1.0,
        1.0,
        1.0,
        1.0,
        1.0,
        1.0,
        1.0,
        1.0,
        1.0,
        1.0,
        1.0,
        1.0,
        1.0,
        1.0,
        1.0,
        1.0,
        1.0,
        1.0,
        1.0,
        1.0,
        1.0,
        1.0,
        1.0,
        1.0,
        1.0,
        1.0,
        1.0,
        1.0,
        1.0,
        1.0,
        1.0,
        0.0,
        0.0,
        0.0,
        0.0,
        0.0,
        0.0,
        0.0,
        0.0,
        0.0,
        0.0,
        0.0,
        0.0,
        0.0,
        0.0,
        0.0,
        0.0,
        0.0,
        0.0,
        0.0,
        0.0,
        0.0,
        0.0,
        0.0,
        0.0,
        0.0,
        0.0,
        0.0,
        0.0,
        0.0,
        0.0,
        0.0,
        0.0,
        0.0,
        0.0,
        0.0,
        0.0
    ],
    "fitnesses": [
        1.3445,
        1.21525,
        1.1460000000000001,
        1.0945,
        1.0915,
        1.0905,
        1.0855000000000001,
        1.074,
        1.056,
        1.055,
        1.0495,
        1.04775,
        1.037,
        1.032,
        1.032,
        1.0197500000000002,
        1.015,
        1.014,
        1.0135,
        1.01325,
        1.01325,
        1.0115,
        1.0110000000000001,
        1.0105,
        1.0095,
        1.0095,
        1.009,
        1.0082499999999999,
        1.0082499999999999,
        1.0070000000000001,
        1.007,
        1.0065,
        1.0065,
        1.00625,
        1.006,
        1.00575,
        1.0055,
        1.0055,
        1.0055,
        1.0055,
        1.0055,
        1.00525,
        1.005,
        1.005,
        1.005,
        1.005,
        1.005,
        1.0045,
        1.0045,
        1.0045,
        1.0045,
        1.0042499999999999,
        1.0042499999999999,
        1.0042499999999999,
        1.0042499999999999,
        1.0042499999999999,
        1.004,
        1.004,
        1.00375,
        1.00375,
        1.0035,
        1.00325,
        1.0030000000000001,
        1.0030000000000001,
        1.0030000000000001,
        1.0030000000000001,
        1.0030000000000001,
        1.0025,
        1.0,
        1.0,
        1.0,
        1.0,
        1.0,
        1.0,
        1.0,
        1.0,
        1.0,
        1.0,
        1.0,
        1.0,
        1.0,
        1.0,
        1.0,
        1.0,
        1.0,
        1.0,
        1.0,
        1.0,
        1.0,
        1.0,
        1.0,
        1.0,
        1.0,
        1.0,
        1.0,
        1.0,
        1.0,
        1.0,
        0.8102499999999999,
        0.75825,
        0.753,
        0.75,
        0.30125,
        0.2565,
        0.2555,
        0.25,
        0.0,
        0.0,
        0.0,
        0.0
    ],
    "time": 6.7
}