{
    "bestAvgScore": 42.8,
    "avgScore": 17.0807,
    "bestAvgFitness": 93768.514,
    "avgFitness": 17636.0473852,
    "top10AvgFitness": 57402.36784,
    "top25AvgFitness": 49072.5227992,
    "time": 309.19
}