{
    "bestAvgScore": 96.75,
    "avgScore": 65.46442885771543,
    "bestAvgFitness": 360.23353425742573,
    "avgFitness": 121.73335463254935,
    "top10AvgFitness": 260.63947413979105,
    "top25AvgFitness": 227.97560655078715,
    "time": 354.02
}