{
    "bestAvgScore": 62.2,
    "avgScore": 41.3131,
    "bestAvgFitness": 415729.5674,
    "avgFitness": 191453.2542584,
    "top10AvgFitness": 346206.76261599996,
    "top25AvgFitness": 326065.0055616,
    "time": 613.48
}