{
    "bestAvgScore": 107.25,
    "avgScore": 83.14929859719439,
    "bestAvgFitness": 526.4066217739856,
    "avgFitness": 253.0252169064175,
    "top10AvgFitness": 437.03877963515123,
    "top25AvgFitness": 397.401033012366,
    "time": 444.2
}