{
    "bestAvgScore": 106.5,
    "avgScore": 81.08366733466934,
    "bestAvgFitness": 525.6523983782179,
    "avgFitness": 241.3846369886285,
    "top10AvgFitness": 433.6130222961708,
    "top25AvgFitness": 392.9850008879115,
    "time": 435.11
}