{
    "bestAvgScore": 105.5,
    "avgScore": 80.287,
    "bestAvgFitness": 502.15732960693066,
    "avgFitness": 218.98760299043903,
    "top10AvgFitness": 396.8194642313493,
    "top25AvgFitness": 359.0395096264599,
    "time": 834.6
}