{
    "bestAvgScore": 8.5,
    "avgScore": 0.4958305537024683,
    "bestAvgFitness": 866.46975,
    "avgFitness": 4.112460140093395,
    "top10AvgFitness": 61.735106666666674,
    "top25AvgFitness": 26.705935828877006,
    "time": 35.31
}