{
    "bestAvgScore": 6.75,
    "avgScore": 0.14993328885923948,
    "bestAvgFitness": 540.14475,
    "avgFitness": 1.335140593729153,
    "top10AvgFitness": 11.83008,
    "top25AvgFitness": 5.401191176470589,
    "time": 22.3
}