{
    "bestAvgScore": 99.25,
    "avgScore": 74.01875,
    "bestAvgFitness": 382.9638462230198,
    "avgFitness": 167.83970977963344,
    "top10AvgFitness": 310.327328675099,
    "top25AvgFitness": 279.91126553997236,
    "time": 761.18
}