{
    "bestAvgScore": 105.75,
    "avgScore": 79.71975,
    "bestAvgFitness": 508.85889061881187,
    "avgFitness": 216.79185715019221,
    "top10AvgFitness": 397.9643304809831,
    "top25AvgFitness": 359.911520665813,
    "time": 834.63
}