{
    "bestAvgScore": 103.0,
    "avgScore": 78.79308617234469,
    "bestAvgFitness": 430.24214081403125,
    "avgFitness": 214.9661137897268,
    "top10AvgFitness": 374.1042694510351,
    "top25AvgFitness": 341.86304827965307,
    "time": 417.54
}