{
    "bestAvgScore": 106.5,
    "avgScore": 80.706,
    "bestAvgFitness": 484.06903211460394,
    "avgFitness": 221.7919912938415,
    "top10AvgFitness": 393.1173376302371,
    "top25AvgFitness": 357.31839633253526,
    "time": 869.74
}