{
    "bestAvgScore": 103.25,
    "avgScore": 80.40575,
    "bestAvgFitness": 456.65927824554456,
    "avgFitness": 219.42626611962103,
    "top10AvgFitness": 385.3632706312174,
    "top25AvgFitness": 357.4919860415829,
    "time": 831.83
}