{
    "bestAvgScore": 74.4,
    "avgScore": 45.0715,
    "bestAvgFitness": 1016170.665,
    "avgFitness": 409042.42671280005,
    "top10AvgFitness": 812871.8735620002,
    "top25AvgFitness": 750066.5113696001,
    "time": 744.64
}