{
    "bestAvgScore": 0.75,
    "avgScore": 0.0405811623246493,
    "bestAvgFitness": 1.126,
    "avgFitness": 0.46516683366733463,
    "top10AvgFitness": 1.01291,
    "top25AvgFitness": 1.0055766129032258,
    "time": 1.59
}