{
    "bestAvgScore": 52.5,
    "avgScore": 39.3305,
    "bestAvgFitness": 37.69810088935643,
    "avgFitness": 17.432567003369293,
    "top10AvgFitness": 31.15307778423588,
    "top25AvgFitness": 28.864268019165017,
    "time": 601.71
}