{
    "bestAvgScore": 61.6,
    "avgScore": 41.544,
    "bestAvgFitness": 424940.53039999993,
    "avgFitness": 202876.4655062,
    "top10AvgFitness": 353759.95958400005,
    "top25AvgFitness": 336708.01071600005,
    "time": 625.58
}