{
    "bestAvgScore": 51.5,
    "avgScore": 37.29275,
    "bestAvgFitness": 21.758988042855755,
    "avgFitness": 8.900790934198785,
    "top10AvgFitness": 17.523864293604234,
    "top25AvgFitness": 15.90029418254806,
    "time": 346.48
}