{
    "bestAvgScore": 56.2,
    "avgScore": 37.1433,
    "bestAvgFitness": 291564.62460000004,
    "avgFitness": 125055.9057216,
    "top10AvgFitness": 221827.98658799997,
    "top25AvgFitness": 210284.0806016,
    "time": 546.55
}