{
    "bestAvgScore": 82.2,
    "avgScore": 44.7185,
    "bestAvgFitness": 1770820.5162,
    "avgFitness": 626449.0958525001,
    "top10AvgFitness": 1379674.193566,
    "top25AvgFitness": 1250718.6652456003,
    "time": 863.58
}