{
    "bestAvgScore": 103.5,
    "avgScore": 79.52425,
    "bestAvgFitness": 482.32192667273347,
    "avgFitness": 215.92039528037958,
    "top10AvgFitness": 384.35368930131654,
    "top25AvgFitness": 349.4656754536617,
    "time": 833.58
}