{
    "bestAvgScore": 60.2,
    "avgScore": 38.652699999999996,
    "bestAvgFitness": 364365.5932,
    "avgFitness": 152415.2230159,
    "top10AvgFitness": 273245.378462,
    "top25AvgFitness": 259084.5425584,
    "time": 571.05
}