{
    "bestAvgScore": 100.25,
    "avgScore": 74.33466933867736,
    "bestAvgFitness": 410.2719959990099,
    "avgFitness": 166.69491015054666,
    "top10AvgFitness": 306.6168533219442,
    "top25AvgFitness": 278.5074954296116,
    "time": 371.36
}