{
    "bestAvgScore": 105.25,
    "avgScore": 81.69475,
    "bestAvgFitness": 483.4752217403611,
    "avgFitness": 229.65777505773673,
    "top10AvgFitness": 401.05128839691935,
    "top25AvgFitness": 366.12271033466453,
    "time": 842.09
}