{
    "bestAvgScore": 2.0,
    "avgScore": 0.04503002001334223,
    "bestAvgFitness": 3.332,
    "avgFitness": 0.08398398932621748,
    "top10AvgFitness": 1.0819766666666668,
    "top25AvgFitness": 0.6732192513368984,
    "time": 6.26
}