{
    "bestAvgScore": 97.5,
    "avgScore": 71.16683366733467,
    "bestAvgFitness": 365.25270915841577,
    "avgFitness": 182.7383403192078,
    "top10AvgFitness": 316.3484033855968,
    "top25AvgFitness": 291.4805714293627,
    "time": 398.27
}