{
    "bestAvgScore": 15.75,
    "avgScore": 3.327885256837892,
    "bestAvgFitness": 2640.9,
    "avgFitness": 108.8224961641094,
    "top10AvgFitness": 997.6174933333334,
    "top25AvgFitness": 600.5320588235294,
    "time": 62.89
}