{
    "bestAvgScore": 101.75,
    "avgScore": 78.156,
    "bestAvgFitness": 417.4450266938119,
    "avgFitness": 204.2606845506969,
    "top10AvgFitness": 364.3563812531598,
    "top25AvgFitness": 333.4773182695462,
    "time": 809.27
}