{
    "bestAvgScore": 99.25,
    "avgScore": 74.09068136272545,
    "bestAvgFitness": 381.67466386138614,
    "avgFitness": 171.63295817289313,
    "top10AvgFitness": 323.1674689533106,
    "top25AvgFitness": 290.18181970455066,
    "time": 372.52
}