{
    "bestAvgScore": 68.0,
    "avgScore": 44.5081,
    "bestAvgFitness": 709446.2926,
    "avgFitness": 294213.13662279997,
    "top10AvgFitness": 549454.07245,
    "top25AvgFitness": 512521.7461992,
    "time": 704.51
}