{
    "bestAvgScore": 65.2,
    "avgScore": 41.153,
    "bestAvgFitness": 538334.2383999999,
    "avgFitness": 223788.6457262,
    "top10AvgFitness": 423145.01561000006,
    "top25AvgFitness": 394185.0090208,
    "time": 641.58
}