{
    "bestAvgScore": 52.0,
    "avgScore": 40.2885,
    "bestAvgFitness": 36.36522570262085,
    "avgFitness": 18.81996220209122,
    "top10AvgFitness": 32.53887524352883,
    "top25AvgFitness": 30.348608011961876,
    "time": 627.03
}