{
    "bestAvgScore": 100.0,
    "avgScore": 75.0245,
    "bestAvgFitness": 387.8015521534653,
    "avgFitness": 173.6721477605477,
    "top10AvgFitness": 311.91969734043806,
    "top25AvgFitness": 282.64244364317875,
    "time": 774.57
}