{
    "bestAvgScore": 76.4,
    "avgScore": 45.52910000000001,
    "bestAvgFitness": 1214856.4406,
    "avgFitness": 468507.89703359996,
    "top10AvgFitness": 982360.335428,
    "top25AvgFitness": 893481.9796432001,
    "time": 793.86
}