{
    "bestAvgScore": 107.0,
    "avgScore": 83.48847695390782,
    "bestAvgFitness": 517.3087037688992,
    "avgFitness": 256.18343712343875,
    "top10AvgFitness": 451.99156729044824,
    "top25AvgFitness": 409.67929217247223,
    "time": 456.76
}