{
    "highScore": 220.0,
    "scores": [
        220.0,
        218.0,
        217.0,
        213.0,
        200.0,
        174.0,
        163.0,
        161.0,
        157.0,
        139.0,
        136.0,
        134.0,
        134.0,
        132.0,
        128.0,
        122.0,
        121.0,
        102.0,
        99.0,
        97.0,
        92.0,
        91.0,
        91.0,
        89.0,
        88.0,
        87.0,
        86.0,
        85.0,
        81.0,
        81.0,
        76.0,
        75.0,
        74.0,
        73.0,
        73.0,
        73.0,
        72.0,
        72.0,
        71.0,
        70.0,
        70.0,
        69.0,
        69.0,
        69.0,
        68.0,
        67.0,
        67.0,
        67.0,
        66.0,
        66.0,
        66.0,
        65.0,
        65.0,
        65.0,
        64.0,
        63.0,
        63.0,
        62.0,
        62.0,
        62.0,
        62.0,
        61.0,
        59.0,
        56.0,
        55.0,
        55.0,
        50.0,
        50.0,
        50.0,
        49.0,
        49.0,
        48.0,
        48.0,
        48.0,
        46.0,
        39.0,
        38.0,
        36.0,
        36.0,
        35.0,
        33.0,
        33.0,
        32.0,
        30.0,
        30.0,
        29.0,
        26.0,
        26.0,
        26.0,
        24.0,
        24.0,
        23.0,
        23.0,
        20.0,
        15.0,
        12.0,
        9.0,
        5.0,
        3.0
    ],
    "fitnesses": [
        1.0020576783746709,
        1.0018951036341137,
        1.001772685861095,
        1.0017251390365176,
        1.0017131801715318,
        1.0015234519955794,
        1.001502901458232,
        1.0014480480746424,
        1.0012569026120632,
        1.001004911840373,
        1.0009829739958251,
        1.0008391943236308,
        1.0008132935291119,
        1.0007620047422907,
        1.000760543361057,
        1.0007342047542194,
        1.000700360399031,
        1.0006414636942218,
        1.0006263074203476,
        1.0006003257227787,
        1.0005573596490516,
        1.0005473476028255,
        1.000537498217856,
        1.0005293286945434,
        1.0004462814978325,
        1.000435386966333,
        1.0004115282804804,
        1.000406456405942,
        1.0004060057041588,
        1.0003910900714037,
        1.0003845757883107,
        1.0003452797085968,
        1.000342568682442,
        1.0003252864512053,
        1.0003240198700276,
        1.0002844924623355,
        1.000279201364767,
        1.000270150261721,
        1.0002626445367282,
        1.0002331403869533,
        1.0002118460752607,
        1.0001869795723206,
        1.0001777647723789,
        1.000157606761618,
        1.0001481301832926,
        1.0001169369252398,
        1.0000558680787626,
        1.0000419153652247,
        1.0000143644056319,
        0.6682638781208031,
        0.6675757197756892,
        0.6674919714096342,
        0.6673518927016625,
        0.6670710151768962,
        0.6668596608085456,
        0.666786497177643,
        0.6667776149149539,
        0.3340334500194477,
        0.3339150782013685,
        0.33381100127238916,
        0.3334936205680579,
        0.33342496186117465,
        0.33340797173456993,
        0.3334078976395323,
        0.33339063492063487,
        0.3333583431027745,
        0.33333679653679654,
        0.0,
        0.0,
        0.0,
        0.0,
        0.0,
        0.0,
        0.0,
        0.0,
        0.0,
        0.0,
        0.0,
        0.0,
        0.0,
        0.0,
        0.0,
        0.0,
        0.0,
        0.0,
        0.0,
        0.0,
        0.0,
        0.0,
        0.0,
        0.0,
        0.0,
        0.0,
        0.0,
        0.0,
        0.0,
        0.0,
        0.0,
        0.0
    ],
    "time": 1173.83
}