{
    "bestAvgScore": 103.0,
    "avgScore": 75.09175,
    "bestAvgFitness": 460.6094878400893,
    "avgFitness": 188.84180060864904,
    "top10AvgFitness": 349.7146368268405,
    "top25AvgFitness": 317.05419099837667,
    "time": 795.31
}