{
    "bestAvgScore": 104.5,
    "avgScore": 78.28525,
    "bestAvgFitness": 457.7787069075228,
    "avgFitness": 200.91843170125264,
    "top10AvgFitness": 372.30542908684384,
    "top25AvgFitness": 338.4022582228168,
    "time": 815.88
}