{
    "bestAvgScore": 66.6,
    "avgScore": 43.41929999999999,
    "bestAvgFitness": 582148.6799999999,
    "avgFitness": 268899.4800703,
    "top10AvgFitness": 498595.2869380001,
    "top25AvgFitness": 469442.8580888,
    "time": 679.77
}