{
    "bestAvgScore": 80.2,
    "avgScore": 45.123599999999996,
    "bestAvgFitness": 1475376.2212,
    "avgFitness": 483805.23249349993,
    "top10AvgFitness": 1008302.7881819999,
    "top25AvgFitness": 925413.9807855999,
    "time": 807.54
}