{
    "bestAvgScore": 102.5,
    "avgScore": 73.40981963927855,
    "bestAvgFitness": 426.8580624009901,
    "avgFitness": 174.1990108939717,
    "top10AvgFitness": 326.83113533379105,
    "top25AvgFitness": 292.38418952156024,
    "time": 374.2
}