{
    "bestAvgScore": 55.6,
    "avgScore": 35.1771,
    "bestAvgFitness": 269232.62179999996,
    "avgFitness": 109648.57603659999,
    "top10AvgFitness": 208239.94167800003,
    "top25AvgFitness": 195799.3810664,
    "time": 524.77
}