{
    "bestAvgScore": 66.6,
    "avgScore": 43.5028,
    "bestAvgFitness": 598428.6454,
    "avgFitness": 271109.9898929,
    "top10AvgFitness": 515789.007388,
    "top25AvgFitness": 481819.1461056,
    "time": 670.23
}