{
    "bestAvgScore": 9.25,
    "avgScore": 0.8527351567711808,
    "bestAvgFitness": 1010.03325,
    "avgFitness": 8.603673782521682,
    "top10AvgFitness": 131.31932,
    "top25AvgFitness": 59.724681818181814,
    "time": 42.3
}