{
    "bestAvgScore": 3.5,
    "avgScore": 0.134,
    "bestAvgFitness": 15.634,
    "avgFitness": 0.85335925,
    "top10AvgFitness": 2.0302550000000004,
    "top25AvgFitness": 1.4246979999999998,
    "time": 8.74
}