{
    "bestAvgScore": 75.6,
    "avgScore": 44.6925,
    "bestAvgFitness": 1182486.7902,
    "avgFitness": 415092.62240249995,
    "top10AvgFitness": 823820.262656,
    "top25AvgFitness": 767970.6597247999,
    "time": 755.64
}