{
    "bestAvgScore": 104.5,
    "avgScore": 80.2345,
    "bestAvgFitness": 502.7228122113861,
    "avgFitness": 225.27051895948466,
    "top10AvgFitness": 393.414202130765,
    "top25AvgFitness": 359.7434111658894,
    "time": 833.47
}