{
    "bestAvgScore": 51.75,
    "avgScore": 39.14675,
    "bestAvgFitness": 33.69911252153465,
    "avgFitness": 16.621382162766036,
    "top10AvgFitness": 30.47939040822908,
    "top25AvgFitness": 28.09041760552515,
    "time": 591.04
}