{
    "bestAvgScore": 101.0,
    "avgScore": 73.85175,
    "bestAvgFitness": 413.059584529703,
    "avgFitness": 179.21057837355008,
    "top10AvgFitness": 342.18962111459166,
    "top25AvgFitness": 312.6228318111631,
    "time": 783.08
}