{
    "bestAvgScore": 106.5,
    "avgScore": 79.86923847695391,
    "bestAvgFitness": 559.1111937242574,
    "avgFitness": 228.14987805236555,
    "top10AvgFitness": 414.52766119084174,
    "top25AvgFitness": 376.12379210228534,
    "time": 431.27
}