{
    "bestAvgScore": 96.0,
    "avgScore": 72.24799599198397,
    "bestAvgFitness": 324.0757275157736,
    "avgFitness": 155.567691667852,
    "top10AvgFitness": 289.5976366337574,
    "top25AvgFitness": 266.1871945556653,
    "time": 352.39
}