{
    "bestAvgScore": 98.5,
    "avgScore": 72.1415,
    "bestAvgFitness": 369.67378460638713,
    "avgFitness": 164.99872502740985,
    "top10AvgFitness": 303.5517502249124,
    "top25AvgFitness": 277.2886950241407,
    "time": 754.34
}