{
    "bestAvgScore": 102.75,
    "avgScore": 79.76302605210421,
    "bestAvgFitness": 444.5518420429043,
    "avgFitness": 218.71953521909097,
    "top10AvgFitness": 366.26920273523416,
    "top25AvgFitness": 337.9461281543562,
    "time": 461.99
}