{
    "bestAvgScore": 62.2,
    "avgScore": 40.785399999999996,
    "bestAvgFitness": 441177.59699999995,
    "avgFitness": 193617.1878218,
    "top10AvgFitness": 349965.59477799997,
    "top25AvgFitness": 330534.5813056,
    "time": 610.35
}