{
    "bestAvgScore": 48.6,
    "avgScore": 25.4762,
    "bestAvgFitness": 147323.4958,
    "avgFitness": 44354.2103464,
    "top10AvgFitness": 112439.59295200002,
    "top25AvgFitness": 101609.224548,
    "time": 410.38
}