{
    "bestAvgScore": 96.5,
    "avgScore": 72.2690380761523,
    "bestAvgFitness": 325.36161287058826,
    "avgFitness": 156.9929261327703,
    "top10AvgFitness": 293.3055416604242,
    "top25AvgFitness": 266.9244904842737,
    "time": 370.21
}