{
    "bestAvgScore": 97.5,
    "avgScore": 74.46975,
    "bestAvgFitness": 384.7141196088138,
    "avgFitness": 175.20849690287037,
    "top10AvgFitness": 318.9023189710184,
    "top25AvgFitness": 287.21644846195295,
    "time": 780.5
}