{
    "bestAvgScore": 1.25,
    "avgScore": 0.08266533066132264,
    "bestAvgFitness": 2.31775,
    "avgFitness": 0.8075425851703407,
    "top10AvgFitness": 1.2389400000000002,
    "top25AvgFitness": 1.1055241935483866,
    "time": 4.0
}