{
    "bestAvgScore": 56.2,
    "avgScore": 37.0646,
    "bestAvgFitness": 274468.3622,
    "avgFitness": 125641.3080722,
    "top10AvgFitness": 220883.093382,
    "top25AvgFitness": 209619.8670816,
    "time": 545.64
}