{
    "bestAvgScore": 13.75,
    "avgScore": 2.837,
    "bestAvgFitness": 10845.64,
    "avgFitness": 133.75292,
    "top10AvgFitness": 1548.8409050000002,
    "top25AvgFitness": 832.8710859999999,
    "time": 47.61
}