{
    "bestAvgScore": 102.75,
    "avgScore": 78.92084168336673,
    "bestAvgFitness": 450.64688341421567,
    "avgFitness": 210.51494894215506,
    "top10AvgFitness": 366.06413164602213,
    "top25AvgFitness": 338.866202622444,
    "time": 429.37
}