{
    "bestAvgScore": 99.75,
    "avgScore": 70.8997995991984,
    "bestAvgFitness": 393.2888584631188,
    "avgFitness": 150.29225901180934,
    "top10AvgFitness": 301.0542056934574,
    "top25AvgFitness": 263.6626858628877,
    "time": 355.89
}