{
    "bestAvgScore": 104.25,
    "avgScore": 77.77004008016031,
    "bestAvgFitness": 474.6036773365463,
    "avgFitness": 204.7244055784071,
    "top10AvgFitness": 355.39333968432845,
    "top25AvgFitness": 323.6951681817737,
    "time": 423.85
}