{
    "bestAvgScore": 49.0,
    "avgScore": 25.30975,
    "bestAvgFitness": 15.482209683071249,
    "avgFitness": 0.59964111638911,
    "top10AvgFitness": 5.893148813899781,
    "top25AvgFitness": 3.432804754259853,
    "time": 239.33
}