{
    "bestAvgScore": 16.5,
    "avgScore": 3.82325,
    "bestAvgFitness": 20912.13925,
    "avgFitness": 340.4910105,
    "top10AvgFitness": 3784.1720899999996,
    "top25AvgFitness": 2074.356184,
    "time": 58.37
}