{
    "bestAvgScore": 53.5,
    "avgScore": 37.21775,
    "bestAvgFitness": 30.849527945641622,
    "avgFitness": 9.478038373963768,
    "top10AvgFitness": 20.24133942299037,
    "top25AvgFitness": 17.885178648038142,
    "time": 370.01
}