{
    "bestAvgScore": 106.75,
    "avgScore": 80.20991983967936,
    "bestAvgFitness": 547.1341415563725,
    "avgFitness": 236.4167453643625,
    "top10AvgFitness": 408.978625462577,
    "top25AvgFitness": 374.4577220639018,
    "time": 444.07
}