{
    "bestAvgScore": 98.75,
    "avgScore": 74.49448897795591,
    "bestAvgFitness": 381.93167017132595,
    "avgFitness": 171.35340954728042,
    "top10AvgFitness": 320.268802229317,
    "top25AvgFitness": 292.09805247781827,
    "time": 378.3
}