{
    "bestAvgScore": 2.5,
    "avgScore": 0.09075,
    "bestAvgFitness": 8.15625,
    "avgFitness": 0.5347605,
    "top10AvgFitness": 1.344195,
    "top25AvgFitness": 1.140544,
    "time": 8.75
}