{
    "bestAvgScore": 51.75,
    "avgScore": 38.813,
    "bestAvgFitness": 30.582868106435644,
    "avgFitness": 12.042033028052252,
    "top10AvgFitness": 23.900803336879093,
    "top25AvgFitness": 21.534735940123106,
    "time": 431.84
}