{
    "bestAvgScore": 104.0,
    "avgScore": 78.99699398797596,
    "bestAvgFitness": 461.5567390514852,
    "avgFitness": 221.24818445848032,
    "top10AvgFitness": 373.8291193344861,
    "top25AvgFitness": 344.9460148062879,
    "time": 431.25
}