{
    "bestAvgScore": 103.75,
    "avgScore": 78.45741482965931,
    "bestAvgFitness": 464.2492474891089,
    "avgFitness": 215.8311404291123,
    "top10AvgFitness": 387.99229333585225,
    "top25AvgFitness": 349.07445254798563,
    "time": 424.74
}