{
    "bestAvgScore": 87.25,
    "avgScore": 54.21475,
    "bestAvgFitness": 214.63380646039604,
    "avgFitness": 16.74487602256089,
    "top10AvgFitness": 120.13882737467456,
    "top25AvgFitness": 88.93117467672812,
    "time": 467.54
}