{
    "bestAvgScore": 51.5,
    "avgScore": 37.44375,
    "bestAvgFitness": 20.97142273223646,
    "avgFitness": 8.640547414574288,
    "top10AvgFitness": 16.93917019408269,
    "top25AvgFitness": 15.344966634763155,
    "time": 341.28
}