{
    "bestAvgScore": 39.4,
    "avgScore": 14.569,
    "bestAvgFitness": 71792.655,
    "avgFitness": 9262.032074900002,
    "top10AvgFitness": 44491.082067999996,
    "top25AvgFitness": 33996.9383048,
    "time": 255.07
}