{
    "bestAvgScore": 102.0,
    "avgScore": 77.65475,
    "bestAvgFitness": 428.15137925049504,
    "avgFitness": 199.37798465996985,
    "top10AvgFitness": 354.7872246346797,
    "top25AvgFitness": 324.8842167285953,
    "time": 809.43
}