{
    "bestAvgScore": 2.25,
    "avgScore": 0.05103402268178786,
    "bestAvgFitness": 5.25,
    "avgFitness": 0.23935373582388259,
    "top10AvgFitness": 1.1262566666666667,
    "top25AvgFitness": 1.0506377005347594,
    "time": 10.35
}