{
    "bestAvgScore": 52.0,
    "avgScore": 37.70525,
    "bestAvgFitness": 25.084305906862745,
    "avgFitness": 10.016031125533983,
    "top10AvgFitness": 20.32030005380395,
    "top25AvgFitness": 18.233850787913003,
    "time": 373.38
}