{
    "bestAvgScore": 77.75,
    "avgScore": 59.26923076923077,
    "bestAvgFitness": 136.5438733029994,
    "avgFitness": 54.14036598824585,
    "top10AvgFitness": 132.1945540366482,
    "top25AvgFitness": 125.65256784215713,
    "time": 21.48
}