{
    "bestAvgScore": 51.75,
    "avgScore": 39.9755,
    "bestAvgFitness": 36.42946922178218,
    "avgFitness": 18.363981267476237,
    "top10AvgFitness": 32.155949089448065,
    "top25AvgFitness": 29.901229634393868,
    "time": 630.09
}