{
    "bestAvgScore": 105.75,
    "avgScore": 81.41425,
    "bestAvgFitness": 479.2641378514852,
    "avgFitness": 228.42242425933617,
    "top10AvgFitness": 405.95979639837117,
    "top25AvgFitness": 370.91098616390303,
    "time": 840.73
}