{
    "bestAvgScore": 11.0,
    "avgScore": 3.100400266844563,
    "bestAvgFitness": 5745.8240000000005,
    "avgFitness": 92.76766527685123,
    "top10AvgFitness": 794.86251,
    "top25AvgFitness": 505.4332486631016,
    "time": 61.46
}