{
    "bestAvgScore": 10.6,
    "avgScore": 0.4953000000000001,
    "bestAvgFitness": 1229.9496,
    "avgFitness": 5.296058599999999,
    "top10AvgFitness": 84.118102,
    "top25AvgFitness": 36.43102879999999,
    "time": 34.69
}