{
    "bestAvgScore": 78.6,
    "avgScore": 45.1842,
    "bestAvgFitness": 1417257.5352000003,
    "avgFitness": 440889.4498238,
    "top10AvgFitness": 910253.0369220002,
    "top25AvgFitness": 828418.3625968001,
    "time": 774.26
}