{
    "bestAvgScore": 10.5,
    "avgScore": 1.06025,
    "bestAvgFitness": 1028.64425,
    "avgFitness": 9.994219999999999,
    "top10AvgFitness": 147.10629500000002,
    "top25AvgFitness": 68.88996799999998,
    "time": 26.31
}