{
    "bestAvgScore": 101.0,
    "avgScore": 69.433,
    "bestAvgFitness": 403.5786864,
    "avgFitness": 150.49633010190894,
    "top10AvgFitness": 287.4462350774783,
    "top25AvgFitness": 255.60757299519946,
    "time": 712.77
}