{
    "bestAvgScore": 110.25,
    "avgScore": 80.19488977955912,
    "bestAvgFitness": 570.2156819930693,
    "avgFitness": 235.4489317839361,
    "top10AvgFitness": 427.02432442063815,
    "top25AvgFitness": 382.88692617812944,
    "time": 430.28
}