{
    "bestAvgScore": 109.25,
    "avgScore": 82.77855711422846,
    "bestAvgFitness": 594.5076723816833,
    "avgFitness": 251.37596111423557,
    "top10AvgFitness": 445.98589653821966,
    "top25AvgFitness": 404.48213773888284,
    "time": 450.99
}