{
    "bestAvgScore": 54.8,
    "avgScore": 35.619699999999995,
    "bestAvgFitness": 256885.6664,
    "avgFitness": 115577.73311110001,
    "top10AvgFitness": 213479.04319,
    "top25AvgFitness": 201962.95450559998,
    "time": 528.69
}