{
    "bestAvgScore": 105.75,
    "avgScore": 81.50375,
    "bestAvgFitness": 499.90999014653465,
    "avgFitness": 230.14841129264008,
    "top10AvgFitness": 401.81671867080115,
    "top25AvgFitness": 365.9584973391898,
    "time": 837.44
}