{
    "bestAvgScore": 55.6,
    "avgScore": 33.942099999999996,
    "bestAvgFitness": 267865.0146,
    "avgFitness": 101501.8481414,
    "top10AvgFitness": 201820.38067,
    "top25AvgFitness": 187816.4999112,
    "time": 510.93
}