{
    "bestAvgScore": 50.4,
    "avgScore": 30.3839,
    "bestAvgFitness": 179018.6612,
    "avgFitness": 65947.2454136,
    "top10AvgFitness": 139588.576702,
    "top25AvgFitness": 127297.748116,
    "time": 453.56
}