{
    "bestAvgScore": 68.6,
    "avgScore": 44.1376,
    "bestAvgFitness": 733946.7888,
    "avgFitness": 298751.77270760003,
    "top10AvgFitness": 572122.2196539999,
    "top25AvgFitness": 529510.9122864,
    "time": 707.14
}