{
    "bestAvgScore": 2.25,
    "avgScore": 0.07071380920613743,
    "bestAvgFitness": 9.68025,
    "avgFitness": 0.6241734489659773,
    "top10AvgFitness": 1.4340933333333332,
    "top25AvgFitness": 1.1759625668449198,
    "time": 16.27
}