{
    "bestAvgScore": 101.25,
    "avgScore": 72.93036072144288,
    "bestAvgFitness": 431.22639519801976,
    "avgFitness": 185.76205746674245,
    "top10AvgFitness": 342.6029254499112,
    "top25AvgFitness": 311.7241014971071,
    "time": 402.62
}