{
    "bestAvgScore": 105.0,
    "avgScore": 79.871,
    "bestAvgFitness": 474.21326452970294,
    "avgFitness": 218.04243001978878,
    "top10AvgFitness": 395.21055949209256,
    "top25AvgFitness": 358.98909657950685,
    "time": 839.19
}