{
    "bestAvgScore": 52.75,
    "avgScore": 37.483,
    "bestAvgFitness": 26.709299639108913,
    "avgFitness": 9.12276556839067,
    "top10AvgFitness": 18.819183738909977,
    "top25AvgFitness": 16.58898177430683,
    "time": 355.84
}