{
    "bestAvgScore": 107.0,
    "avgScore": 79.77725,
    "bestAvgFitness": 579.6257791584159,
    "avgFitness": 220.15935362885773,
    "top10AvgFitness": 395.6250559515371,
    "top25AvgFitness": 361.22878754171063,
    "time": 837.15
}