{
    "bestAvgScore": 105.75,
    "avgScore": 79.0501002004008,
    "bestAvgFitness": 521.3107553195545,
    "avgFitness": 217.60376788619575,
    "top10AvgFitness": 367.34372619491575,
    "top25AvgFitness": 338.0760666196401,
    "time": 431.48
}