{
    "bestAvgScore": 20.0,
    "avgScore": 4.018,
    "bestAvgFitness": 11047.877400000001,
    "avgFitness": 425.0121533,
    "top10AvgFitness": 4536.597307999999,
    "top25AvgFitness": 2572.057052,
    "time": 114.23
}