{
    "bestAvgScore": 103.0,
    "avgScore": 77.5325,
    "bestAvgFitness": 443.11988507425747,
    "avgFitness": 200.57876096498703,
    "top10AvgFitness": 360.78063105620566,
    "top25AvgFitness": 331.19616316015316,
    "time": 805.88
}