{
    "bestAvgScore": 109.25,
    "avgScore": 81.25725,
    "bestAvgFitness": 566.3013404869976,
    "avgFitness": 227.2562494475067,
    "top10AvgFitness": 403.73814925372005,
    "top25AvgFitness": 369.3699591021668,
    "time": 855.66
}