{
    "bestAvgScore": 50.8,
    "avgScore": 29.673,
    "bestAvgFitness": 169512.40920000002,
    "avgFitness": 62783.6170018,
    "top10AvgFitness": 134885.432008,
    "top25AvgFitness": 122718.53911600001,
    "time": 451.95
}