{
    "bestAvgScore": 69.25,
    "avgScore": 46.475,
    "bestAvgFitness": 31.0873663,
    "avgFitness": 7.29141974625,
    "top10AvgFitness": 31.0873663,
    "top25AvgFitness": 30.0838052125,
    "time": 38.56
}