{
    "bestAvgScore": 73.4,
    "avgScore": 45.1528,
    "bestAvgFitness": 1003163.0444,
    "avgFitness": 397417.989481,
    "top10AvgFitness": 783973.9107839998,
    "top25AvgFitness": 730655.03634,
    "time": 754.53
}