{
    "bestAvgScore": 85.5,
    "avgScore": 53.38476953907816,
    "bestAvgFitness": 201.16542940798388,
    "avgFitness": 49.37120456771498,
    "top10AvgFitness": 146.57954669803436,
    "top25AvgFitness": 123.10534566607917,
    "time": 232.54
}