{
    "bestAvgScore": 26.6,
    "avgScore": 8.5668,
    "bestAvgFitness": 25206.684,
    "avgFitness": 1979.9993468000002,
    "top10AvgFitness": 10932.052163999999,
    "top25AvgFitness": 7824.661547200001,
    "time": 169.17
}