{
    "bestAvgScore": 52.5,
    "avgScore": 39.3615,
    "bestAvgFitness": 39.659979967482045,
    "avgFitness": 17.947989156203413,
    "top10AvgFitness": 32.42134729827538,
    "top25AvgFitness": 30.16722604169881,
    "time": 626.29
}