{
    "bestAvgScore": 52.5,
    "avgScore": 38.725,
    "bestAvgFitness": 36.96111717821782,
    "avgFitness": 16.661090357932608,
    "top10AvgFitness": 31.125758852725685,
    "top25AvgFitness": 28.55975078990948,
    "time": 594.05
}