{
    "bestAvgScore": 99.5,
    "avgScore": 72.23196392785572,
    "bestAvgFitness": 390.5183738890507,
    "avgFitness": 184.2692606434732,
    "top10AvgFitness": 321.44842861241233,
    "top25AvgFitness": 299.29637358759805,
    "time": 406.97
}