{
    "bestAvgScore": 97.25,
    "avgScore": 71.81963927855712,
    "bestAvgFitness": 379.7464676406523,
    "avgFitness": 159.76781063967917,
    "top10AvgFitness": 306.81173296204906,
    "top25AvgFitness": 276.7880653704209,
    "time": 365.86
}