{
    "bestAvgScore": 12.5,
    "avgScore": 2.80325,
    "bestAvgFitness": 11231.38075,
    "avgFitness": 122.48141399999999,
    "top10AvgFitness": 1384.9862600000001,
    "top25AvgFitness": 765.4516780000001,
    "time": 44.24
}