{
    "bestAvgScore": 52.0,
    "avgScore": 37.73475,
    "bestAvgFitness": 24.960340392156862,
    "avgFitness": 9.444395139633048,
    "top10AvgFitness": 19.23130051831861,
    "top25AvgFitness": 17.138851394655898,
    "time": 364.6
}