{
    "bestAvgScore": 107.75,
    "avgScore": 73.8515,
    "bestAvgFitness": 516.3609210138615,
    "avgFitness": 180.51669817083433,
    "top10AvgFitness": 336.5030864017652,
    "top25AvgFitness": 304.3100383995739,
    "time": 776.71
}