{
    "bestAvgScore": 103.75,
    "avgScore": 79.66482965931864,
    "bestAvgFitness": 459.2419417821782,
    "avgFitness": 219.33197971741996,
    "top10AvgFitness": 376.707365175233,
    "top25AvgFitness": 350.95060736342447,
    "time": 425.4
}