{
    "bestAvgScore": 39.4,
    "avgScore": 14.676,
    "bestAvgFitness": 74017.451,
    "avgFitness": 10489.2602219,
    "top10AvgFitness": 47638.370152,
    "top25AvgFitness": 38261.195479999995,
    "time": 258.06
}