{
    "bestAvgScore": 97.75,
    "avgScore": 72.77905811623246,
    "bestAvgFitness": 373.8362021539604,
    "avgFitness": 161.8579404495676,
    "top10AvgFitness": 290.17401936722695,
    "top25AvgFitness": 265.64311248480175,
    "time": 369.68
}