{
    "bestAvgScore": 104.0,
    "avgScore": 77.9195,
    "bestAvgFitness": 484.7390041584158,
    "avgFitness": 201.30596646202216,
    "top10AvgFitness": 371.0075306176168,
    "top25AvgFitness": 334.51686911662875,
    "time": 816.96
}