{
    "bestAvgScore": 4.75,
    "avgScore": 0.21697798532354903,
    "bestAvgFitness": 305.52225,
    "avgFitness": 1.356348065376918,
    "top10AvgFitness": 11.623836666666664,
    "top25AvgFitness": 5.439792780748663,
    "time": 26.41
}