{
    "bestAvgScore": 84.75,
    "avgScore": 48.72175,
    "bestAvgFitness": 235.61962203912333,
    "avgFitness": 33.80818018842151,
    "top10AvgFitness": 145.04767724318125,
    "top25AvgFitness": 115.7997530783643,
    "time": 440.01
}