{
    "bestAvgScore": 26.6,
    "avgScore": 7.7605,
    "bestAvgFitness": 33788.2626,
    "avgFitness": 1650.591419,
    "top10AvgFitness": 9974.756898,
    "top25AvgFitness": 6942.931,
    "time": 162.09
}