{
    "bestAvgScore": 104.25,
    "avgScore": 82.646,
    "bestAvgFitness": 491.86111036782177,
    "avgFitness": 235.14711530362965,
    "top10AvgFitness": 402.5075425643913,
    "top25AvgFitness": 368.44360421316105,
    "time": 864.33
}