{
    "bestAvgScore": 63.2,
    "avgScore": 41.2858,
    "bestAvgFitness": 440507.50159999996,
    "avgFitness": 205559.1688011,
    "top10AvgFitness": 372559.566786,
    "top25AvgFitness": 351222.4655712,
    "time": 625.69
}