{
    "bestAvgScore": 104.25,
    "avgScore": 78.2705,
    "bestAvgFitness": 483.0623017737624,
    "avgFitness": 208.53778054183047,
    "top10AvgFitness": 383.2915712631103,
    "top25AvgFitness": 347.6522599815086,
    "time": 812.49
}