{
    "bestAvgScore": 105.75,
    "avgScore": 78.5045,
    "bestAvgFitness": 513.3344383415841,
    "avgFitness": 211.1264000009911,
    "top10AvgFitness": 387.4709854886324,
    "top25AvgFitness": 351.25951883636645,
    "time": 810.46
}