{
    "bestAvgScore": 106.75,
    "avgScore": 80.668,
    "bestAvgFitness": 486.04848734469033,
    "avgFitness": 221.07961888371338,
    "top10AvgFitness": 399.81881766257897,
    "top25AvgFitness": 362.7203068977395,
    "time": 836.63
}