{
    "bestAvgScore": 106.25,
    "avgScore": 79.25350701402806,
    "bestAvgFitness": 532.6737887844059,
    "avgFitness": 228.39983028464323,
    "top10AvgFitness": 397.7905218380076,
    "top25AvgFitness": 368.09697046250585,
    "time": 430.81
}