{
    "bestAvgScore": 94.25,
    "avgScore": 66.56813627254509,
    "bestAvgFitness": 296.5529662118812,
    "avgFitness": 121.65025895147363,
    "top10AvgFitness": 240.3632753097888,
    "top25AvgFitness": 215.07360023150935,
    "time": 325.52
}