{
    "bestAvgScore": 103.75,
    "avgScore": 82.51503006012024,
    "bestAvgFitness": 487.7079875514852,
    "avgFitness": 245.72453322678714,
    "top10AvgFitness": 418.94897198372104,
    "top25AvgFitness": 386.5385655905713,
    "time": 456.4
}