{
    "bestAvgScore": 82.4,
    "avgScore": 44.883900000000004,
    "bestAvgFitness": 1691693.7925999998,
    "avgFitness": 632189.3811964,
    "top10AvgFitness": 1406657.3453099998,
    "top25AvgFitness": 1279985.9373744002,
    "time": 860.63
}