{
    "bestAvgScore": 103.0,
    "avgScore": 75.625250501002,
    "bestAvgFitness": 449.84103421955444,
    "avgFitness": 183.89531296551434,
    "top10AvgFitness": 345.66005209140417,
    "top25AvgFitness": 306.468041027031,
    "time": 381.31
}