{
    "bestAvgScore": 97.5,
    "avgScore": 69.03475,
    "bestAvgFitness": 345.51349022475245,
    "avgFitness": 147.40613689942782,
    "top10AvgFitness": 285.0997324804926,
    "top25AvgFitness": 255.5427485954998,
    "time": 715.77
}