{
    "bestAvgScore": 61.8,
    "avgScore": 41.815,
    "bestAvgFitness": 407418.343,
    "avgFitness": 202928.17532969997,
    "top10AvgFitness": 352151.69467999996,
    "top25AvgFitness": 334711.31944159995,
    "time": 627.39
}