{
    "bestAvgScore": 101.25,
    "avgScore": 69.3932865731463,
    "bestAvgFitness": 413.1664630372743,
    "avgFitness": 176.30110825871733,
    "top10AvgFitness": 329.41169338983195,
    "top25AvgFitness": 299.2174299169153,
    "time": 396.27
}