{
    "bestAvgScore": 98.0,
    "avgScore": 71.761,
    "bestAvgFitness": 376.71889547834036,
    "avgFitness": 161.3221385034063,
    "top10AvgFitness": 295.48528937311295,
    "top25AvgFitness": 269.3914907857486,
    "time": 758.06
}