{
    "bestAvgScore": 82.75,
    "avgScore": 63.1474358974359,
    "bestAvgFitness": 166.19225969423414,
    "avgFitness": 73.4164657326744,
    "top10AvgFitness": 163.63366660305766,
    "top25AvgFitness": 151.04975222899242,
    "time": 24.34
}