{
    "bestAvgScore": 107.0,
    "avgScore": 80.9315,
    "bestAvgFitness": 518.2760259158415,
    "avgFitness": 225.23557280028808,
    "top10AvgFitness": 399.3800701405496,
    "top25AvgFitness": 363.76208313244143,
    "time": 831.99
}