{
    "bestAvgScore": 74.4,
    "avgScore": 45.78020000000001,
    "bestAvgFitness": 1121581.2222000002,
    "avgFitness": 435381.46868650004,
    "top10AvgFitness": 883420.0816299999,
    "top25AvgFitness": 802824.0509696,
    "time": 770.89
}