{
    "bestAvgScore": 9.0,
    "avgScore": 0.30220146764509676,
    "bestAvgFitness": 741.6165000000001,
    "avgFitness": 1.834503335557038,
    "top10AvgFitness": 20.123520000000003,
    "top25AvgFitness": 9.10537834224599,
    "time": 29.69
}