{
    "bestAvgScore": 14.75,
    "avgScore": 4.1795,
    "bestAvgFitness": 12999.07625,
    "avgFitness": 382.2016365,
    "top10AvgFitness": 3713.4615050000007,
    "top25AvgFitness": 2218.7802440000005,
    "time": 62.14
}