{
    "bestAvgScore": 52.25,
    "avgScore": 40.0655,
    "bestAvgFitness": 34.6210996410891,
    "avgFitness": 15.069555244900254,
    "top10AvgFitness": 28.02225266599276,
    "top25AvgFitness": 25.726788226438916,
    "time": 519.65
}