{
    "bestAvgScore": 107.0,
    "avgScore": 77.5085,
    "bestAvgFitness": 539.75410195099,
    "avgFitness": 202.77038174893477,
    "top10AvgFitness": 368.7107755742573,
    "top25AvgFitness": 334.1071474800106,
    "time": 802.11
}