{
    "bestAvgScore": 38.8,
    "avgScore": 13.290500000000002,
    "bestAvgFitness": 69165.3376,
    "avgFitness": 7027.848659600001,
    "top10AvgFitness": 38352.86436400001,
    "top25AvgFitness": 26418.9614984,
    "time": 235.72
}