{
    "bestAvgScore": 103.5,
    "avgScore": 75.845,
    "bestAvgFitness": 505.702984429703,
    "avgFitness": 190.44443644714528,
    "top10AvgFitness": 344.42862115004095,
    "top25AvgFitness": 314.15007517596257,
    "time": 792.24
}