{
    "bestAvgScore": 105.5,
    "avgScore": 84.51152304609218,
    "bestAvgFitness": 489.91182484371967,
    "avgFitness": 256.38228403383414,
    "top10AvgFitness": 428.5492533907062,
    "top25AvgFitness": 392.2054538552352,
    "time": 457.04
}