{
    "bestAvgScore": 52.5,
    "avgScore": 39.2895,
    "bestAvgFitness": 39.00343949876238,
    "avgFitness": 18.213748548541005,
    "top10AvgFitness": 32.513656412197726,
    "top25AvgFitness": 30.55500699168384,
    "time": 627.59
}