{
    "bestAvgScore": 103.75,
    "avgScore": 79.201,
    "bestAvgFitness": 521.073872920792,
    "avgFitness": 214.48226606625556,
    "top10AvgFitness": 389.8357837736172,
    "top25AvgFitness": 355.39911766747264,
    "time": 815.61
}