{
    "bestAvgScore": 82.0,
    "avgScore": 50.75,
    "bestAvgFitness": 150.43009763080957,
    "avgFitness": 39.82711444388931,
    "top10AvgFitness": 120.11567645154341,
    "top25AvgFitness": 96.12266152779748,
    "time": 15.71
}