{
    "bestAvgScore": 101.25,
    "avgScore": 72.5565,
    "bestAvgFitness": 402.4849857242574,
    "avgFitness": 165.03595262103758,
    "top10AvgFitness": 296.6614541850285,
    "top25AvgFitness": 268.4760703799195,
    "time": 761.54
}