{
    "bestAvgScore": 74.2,
    "avgScore": 45.490399999999994,
    "bestAvgFitness": 1015742.4476,
    "avgFitness": 416282.7710335,
    "top10AvgFitness": 808630.6516140001,
    "top25AvgFitness": 754122.0769352,
    "time": 765.98
}