{
    "bestAvgScore": 98.5,
    "avgScore": 72.17034068136273,
    "bestAvgFitness": 360.6070187376238,
    "avgFitness": 162.67660823619357,
    "top10AvgFitness": 299.8177875326573,
    "top25AvgFitness": 273.9573742757287,
    "time": 374.54
}