{
    "bestAvgScore": 106.0,
    "avgScore": 84.12074148296593,
    "bestAvgFitness": 548.3710905383663,
    "avgFitness": 251.98951340366665,
    "top10AvgFitness": 433.2271244141629,
    "top25AvgFitness": 397.0576708131381,
    "time": 454.27
}