{
    "bestAvgScore": 72.0,
    "avgScore": 45.4147,
    "bestAvgFitness": 886812.453,
    "avgFitness": 370259.02843410004,
    "top10AvgFitness": 720101.9969280001,
    "top25AvgFitness": 670670.6573992,
    "time": 745.71
}