{
    "bestAvgScore": 105.0,
    "avgScore": 81.76503006012024,
    "bestAvgFitness": 507.1046050069501,
    "avgFitness": 245.7665501307196,
    "top10AvgFitness": 434.1998138384759,
    "top25AvgFitness": 401.107705072575,
    "time": 441.9
}