{
    "bestAvgScore": 102.75,
    "avgScore": 78.94238476953907,
    "bestAvgFitness": 443.8160841507681,
    "avgFitness": 219.75794489646768,
    "top10AvgFitness": 372.1595691251742,
    "top25AvgFitness": 342.7184990737391,
    "time": 424.69
}