{
    "bestAvgScore": 105.75,
    "avgScore": 82.13276553106212,
    "bestAvgFitness": 503.36931326732673,
    "avgFitness": 244.7441527511408,
    "top10AvgFitness": 425.35550797704377,
    "top25AvgFitness": 390.3448660885715,
    "time": 449.69
}