{
    "bestAvgScore": 102.75,
    "avgScore": 80.62424849699399,
    "bestAvgFitness": 417.54402844059405,
    "avgFitness": 219.7385635255578,
    "top10AvgFitness": 372.95818107067134,
    "top25AvgFitness": 343.8173287106624,
    "time": 434.64
}