{
    "bestAvgScore": 102.0,
    "avgScore": 77.85425,
    "bestAvgFitness": 451.1981710339109,
    "avgFitness": 200.91508759663577,
    "top10AvgFitness": 368.0601131907354,
    "top25AvgFitness": 331.64899196789725,
    "time": 813.8
}