{
    "bestAvgScore": 91.5,
    "avgScore": 63.140781563126254,
    "bestAvgFitness": 282.7255477388734,
    "avgFitness": 100.56465308482392,
    "top10AvgFitness": 229.3164347441643,
    "top25AvgFitness": 195.35873006498957,
    "time": 321.27
}