{
    "bestAvgScore": 104.5,
    "avgScore": 81.57725,
    "bestAvgFitness": 467.1621005940594,
    "avgFitness": 226.13683345487834,
    "top10AvgFitness": 402.05317297231625,
    "top25AvgFitness": 367.3624841513068,
    "time": 846.76
}