{
    "bestAvgScore": 105.0,
    "avgScore": 79.44338677354709,
    "bestAvgFitness": 469.3200678237623,
    "avgFitness": 221.62454234742077,
    "top10AvgFitness": 374.56102029124986,
    "top25AvgFitness": 343.155983999463,
    "time": 427.51
}