{
    "bestAvgScore": 23.8,
    "avgScore": 3.603,
    "bestAvgFitness": 19502.499799999998,
    "avgFitness": 317.03723070000007,
    "top10AvgFitness": 3655.28081,
    "top25AvgFitness": 1986.2582672,
    "time": 107.48
}