{
    "bestAvgScore": 102.25,
    "avgScore": 73.70025,
    "bestAvgFitness": 428.60599889925743,
    "avgFitness": 174.87789382680506,
    "top10AvgFitness": 325.1583170311315,
    "top25AvgFitness": 294.3106925199513,
    "time": 767.42
}