{
    "bestAvgScore": 101.75,
    "avgScore": 80.74549098196393,
    "bestAvgFitness": 411.60029682425744,
    "avgFitness": 218.3626634896535,
    "top10AvgFitness": 358.79367007144594,
    "top25AvgFitness": 332.7751309917487,
    "time": 465.6
}