{
    "bestAvgScore": 97.25,
    "avgScore": 71.83717434869739,
    "bestAvgFitness": 332.3519771485003,
    "avgFitness": 155.10507740546814,
    "top10AvgFitness": 287.8955603740588,
    "top25AvgFitness": 266.50111308990927,
    "time": 370.38
}