{
    "bestAvgScore": 105.75,
    "avgScore": 80.74475,
    "bestAvgFitness": 476.26592562277233,
    "avgFitness": 223.3825031066805,
    "top10AvgFitness": 397.1470014639035,
    "top25AvgFitness": 361.8204033646684,
    "time": 836.99
}