{
    "bestAvgScore": 56.0,
    "avgScore": 36.8389,
    "bestAvgFitness": 274567.12980000005,
    "avgFitness": 124269.31828749999,
    "top10AvgFitness": 221740.62505800006,
    "top25AvgFitness": 209574.233452,
    "time": 542.91
}