{
    "bestAvgScore": 9.75,
    "avgScore": 2.36675,
    "bestAvgFitness": 4003.4922500000002,
    "avgFitness": 57.957033749999994,
    "top10AvgFitness": 645.8326950000001,
    "top25AvgFitness": 350.97256400000003,
    "time": 40.8
}