{
    "bestAvgScore": 99.25,
    "avgScore": 69.05110220440882,
    "bestAvgFitness": 405.40932769801975,
    "avgFitness": 167.08800004594627,
    "top10AvgFitness": 314.78808962889434,
    "top25AvgFitness": 282.45974699688605,
    "time": 392.26
}