{
    "bestAvgScore": 107.0,
    "avgScore": 77.901,
    "bestAvgFitness": 522.7030959413366,
    "avgFitness": 209.2299417447503,
    "top10AvgFitness": 394.6127646301179,
    "top25AvgFitness": 355.73282931624846,
    "time": 822.96
}