{
    "bestAvgScore": 81.4,
    "avgScore": 43.867599999999996,
    "bestAvgFitness": 1644951.1046,
    "avgFitness": 571713.0406000001,
    "top10AvgFitness": 1315435.147454,
    "top25AvgFitness": 1179784.5542288,
    "time": 841.84
}