{
    "bestAvgScore": 99.75,
    "avgScore": 73.9365,
    "bestAvgFitness": 372.7367928788099,
    "avgFitness": 168.24130522572756,
    "top10AvgFitness": 300.709524096468,
    "top25AvgFitness": 273.15216063187313,
    "time": 761.22
}