{
    "bestAvgScore": 74.2,
    "avgScore": 45.6936,
    "bestAvgFitness": 1048110.7400000002,
    "avgFitness": 429520.5092744,
    "top10AvgFitness": 839450.812576,
    "top25AvgFitness": 781136.1543512,
    "time": 762.84
}