{
    "bestAvgScore": 98.0,
    "avgScore": 67.49325,
    "bestAvgFitness": 347.07657292871284,
    "avgFitness": 138.26164130609322,
    "top10AvgFitness": 266.9881436560709,
    "top25AvgFitness": 240.9675933096848,
    "time": 703.69
}