{
    "bestAvgScore": 58.6,
    "avgScore": 38.2011,
    "bestAvgFitness": 334180.8858,
    "avgFitness": 147813.8384755,
    "top10AvgFitness": 268587.200404,
    "top25AvgFitness": 253833.1895184,
    "time": 560.43
}