{
    "bestAvgScore": 55.0,
    "avgScore": 35.616699999999994,
    "bestAvgFitness": 270733.7098,
    "avgFitness": 116815.57067520001,
    "top10AvgFitness": 217355.8348,
    "top25AvgFitness": 205082.2281184,
    "time": 530.99
}