{
    "bestAvgScore": 57.8,
    "avgScore": 37.26220000000001,
    "bestAvgFitness": 295655.6976,
    "avgFitness": 128170.75514599998,
    "top10AvgFitness": 231800.63476599997,
    "top25AvgFitness": 216896.95921999996,
    "time": 561.43
}