{
    "bestAvgScore": 99.25,
    "avgScore": 72.60821643286573,
    "bestAvgFitness": 376.7949321633663,
    "avgFitness": 160.76806996390178,
    "top10AvgFitness": 304.5012282940933,
    "top25AvgFitness": 272.40674513669956,
    "time": 366.81
}