{
    "bestAvgScore": 38.0,
    "avgScore": 13.7182,
    "bestAvgFitness": 67118.862,
    "avgFitness": 7766.346234499999,
    "top10AvgFitness": 41831.554386,
    "top25AvgFitness": 29307.764954399998,
    "time": 239.07
}