{
    "bestAvgScore": 52.5,
    "avgScore": 39.504,
    "bestAvgFitness": 37.27582078564356,
    "avgFitness": 17.94557484715712,
    "top10AvgFitness": 32.11414595686867,
    "top25AvgFitness": 29.825941495829586,
    "time": 632.3
}