{
    "bestAvgScore": 100.5,
    "avgScore": 73.96042084168337,
    "bestAvgFitness": 387.56537248859445,
    "avgFitness": 175.63304183882582,
    "top10AvgFitness": 329.8051311627925,
    "top25AvgFitness": 296.8405866413082,
    "time": 375.25
}