{
    "bestAvgScore": 50.75,
    "avgScore": 36.1485,
    "bestAvgFitness": 22.058946747233545,
    "avgFitness": 8.056758274753712,
    "top10AvgFitness": 15.930617265473932,
    "top25AvgFitness": 14.347842574328611,
    "time": 334.9
}