{
    "bestAvgScore": 23.0,
    "avgScore": 7.5129,
    "bestAvgFitness": 25734.226799999997,
    "avgFitness": 1549.1977977,
    "top10AvgFitness": 9100.922337999998,
    "top25AvgFitness": 6511.2415112,
    "time": 161.25
}