{
    "bestAvgScore": 83.4,
    "avgScore": 47.105599999999995,
    "bestAvgFitness": 1951914.2991999998,
    "avgFitness": 687670.2346833999,
    "top10AvgFitness": 1494042.1629599996,
    "top25AvgFitness": 1352702.9601456,
    "time": 924.1
}