{
    "bestAvgScore": 103.0,
    "avgScore": 73.89829659318637,
    "bestAvgFitness": 449.2145236828528,
    "avgFitness": 175.3621393198689,
    "top10AvgFitness": 335.8441137603145,
    "top25AvgFitness": 298.6322157341525,
    "time": 370.02
}