{
    "bestAvgScore": 104.75,
    "avgScore": 79.58717434869739,
    "bestAvgFitness": 468.2019367506309,
    "avgFitness": 222.11933269446772,
    "top10AvgFitness": 383.11766909928076,
    "top25AvgFitness": 349.2139114105008,
    "time": 425.79
}