{
    "bestAvgScore": 107.5,
    "avgScore": 81.82475,
    "bestAvgFitness": 527.3941286590517,
    "avgFitness": 231.97136580890492,
    "top10AvgFitness": 404.8289745752115,
    "top25AvgFitness": 371.10592029019193,
    "time": 843.82
}