{
    "bestAvgScore": 103.75,
    "avgScore": 73.85771543086172,
    "bestAvgFitness": 446.411951775,
    "avgFitness": 165.7569454383624,
    "top10AvgFitness": 307.48857960376654,
    "top25AvgFitness": 275.7176895098614,
    "time": 374.93
}