{
    "bestAvgScore": 5.75,
    "avgScore": 0.83325,
    "bestAvgFitness": 735.80025,
    "avgFitness": 5.435425,
    "top10AvgFitness": 75.016645,
    "top25AvgFitness": 35.492624,
    "time": 22.79
}