{
    "highScore": 188.0,
    "scores": [
        188.0,
        167.0,
        154.0,
        153.0,
        152.0,
        150.0,
        148.0,
        133.0,
        133.0,
        130.0,
        125.0,
        121.0,
        115.0,
        115.0,
        112.0,
        106.0,
        102.0,
        98.0,
        96.0,
        96.0,
        95.0,
        88.0,
        83.0,
        82.0,
        81.0,
        81.0,
        78.0,
        77.0,
        76.0,
        76.0,
        76.0,
        75.0,
        75.0,
        75.0,
        75.0,
        74.0,
        74.0,
        74.0,
        73.0,
        73.0,
        73.0,
        72.0,
        72.0,
        72.0,
        72.0,
        71.0,
        71.0,
        71.0,
        71.0,
        71.0,
        70.0,
        69.0,
        69.0,
        68.0,
        68.0,
        68.0,
        68.0,
        66.0,
        66.0,
        66.0,
        64.0,
        64.0,
        64.0,
        64.0,
        64.0,
        64.0,
        63.0,
        63.0,
        62.0,
        62.0,
        62.0,
        62.0,
        62.0,
        62.0,
        61.0,
        61.0,
        61.0,
        58.0,
        58.0,
        57.0,
        49.0,
        47.0,
        42.0,
        40.0,
        39.0,
        38.0,
        37.0,
        37.0,
        36.0,
        33.0,
        33.0,
        31.0,
        30.0,
        26.0,
        25.0,
        22.0,
        21.0,
        21.0,
        16.0
    ],
    "fitnesses": [
        1.0016066824627576,
        1.0015451298719977,
        1.0014025035304575,
        1.000804183243971,
        1.0003588964018055,
        1.0003468437983074,
        1.0003112721142846,
        1.0002912861697255,
        1.0002874008031453,
        1.0002786300024973,
        1.0002000311061925,
        1.000191053767719,
        1.0001260090711732,
        1.0000692805893518,
        0.6680117802646031,
        0.6668289255123351,
        0.6668129119585687,
        0.333421192174072,
        0.33336139747995414,
        0.0,
        0.0,
        0.0,
        0.0,
        0.0,
        0.0,
        0.0,
        0.0,
        0.0,
        0.0,
        0.0,
        0.0,
        0.0,
        0.0,
        0.0,
        0.0,
        0.0,
        0.0,
        0.0,
        0.0,
        0.0,
        0.0,
        0.0,
        0.0,
        0.0,
        0.0,
        0.0,
        0.0,
        0.0,
        0.0,
        0.0,
        0.0,
        0.0,
        0.0,
        0.0,
        0.0,
        0.0,
        0.0,
        0.0,
        0.0,
        0.0,
        0.0,
        0.0,
        0.0,
        0.0,
        0.0,
        0.0,
        0.0,
        0.0,
        0.0,
        0.0,
        0.0,
        0.0,
        0.0,
        0.0,
        0.0,
        0.0,
        0.0,
        0.0,
        0.0,
        0.0,
        0.0,
        0.0,
        0.0,
        0.0,
        0.0,
        0.0,
        0.0,
        0.0,
        0.0,
        0.0,
        0.0,
        0.0,
        0.0,
        0.0,
        0.0,
        0.0,
        0.0,
        0.0,
        0.0
    ],
    "time": 1435.94
}