{
    "bestAvgScore": 48.8,
    "avgScore": 28.0042,
    "bestAvgFitness": 153424.81040000002,
    "avgFitness": 54460.6376272,
    "top10AvgFitness": 120840.527412,
    "top25AvgFitness": 110617.8318728,
    "time": 428.74
}