{
    "bestAvgScore": 100.25,
    "avgScore": 73.339,
    "bestAvgFitness": 425.692883490099,
    "avgFitness": 166.18427055232326,
    "top10AvgFitness": 297.9214164868991,
    "top25AvgFitness": 274.79226626171146,
    "time": 749.09
}