{
    "bestAvgScore": 74.2,
    "avgScore": 46.08670000000001,
    "bestAvgFitness": 1029977.2818,
    "avgFitness": 416191.49444730004,
    "top10AvgFitness": 814413.4864820001,
    "top25AvgFitness": 753991.884628,
    "time": 762.9
}