{
    "bestAvgScore": 107.5,
    "avgScore": 83.12975951903807,
    "bestAvgFitness": 535.0135194544555,
    "avgFitness": 250.967408886349,
    "top10AvgFitness": 438.50510537061,
    "top25AvgFitness": 399.7752096138171,
    "time": 452.86
}