{
    "bestAvgScore": 97.0,
    "avgScore": 68.07915831663327,
    "bestAvgFitness": 353.208736170297,
    "avgFitness": 130.87389412015824,
    "top10AvgFitness": 266.7678213916287,
    "top25AvgFitness": 233.94694086784412,
    "time": 335.76
}