{
    "bestAvgScore": 51.5,
    "avgScore": 37.89675,
    "bestAvgFitness": 26.467322575000004,
    "avgFitness": 10.281712379022496,
    "top10AvgFitness": 21.05363309631619,
    "top25AvgFitness": 18.802289571663398,
    "time": 382.79
}