{
    "bestAvgScore": 17.4,
    "avgScore": 2.6351999999999998,
    "bestAvgFitness": 8694.629,
    "avgFitness": 141.5936443,
    "top10AvgFitness": 1891.093322,
    "top25AvgFitness": 954.7781631999999,
    "time": 95.1
}