{
    "bestAvgScore": 52.75,
    "avgScore": 39.27925,
    "bestAvgFitness": 38.11538159059406,
    "avgFitness": 17.766597474265232,
    "top10AvgFitness": 31.708149584981655,
    "top25AvgFitness": 29.555323778251484,
    "time": 624.82
}