{
    "bestAvgScore": 101.25,
    "avgScore": 73.33316633266533,
    "bestAvgFitness": 425.2215156508153,
    "avgFitness": 177.54854667677424,
    "top10AvgFitness": 353.86081447659694,
    "top25AvgFitness": 311.9729775286881,
    "time": 365.51
}