{
    "highScore": 9.0,
    "scores": [
        9.0,
        3.0,
        3.0,
        3.0,
        3.0,
        2.0,
        2.0,
        2.0,
        2.0,
        2.0,
        2.0,
        2.0,
        2.0,
        2.0,
        2.0,
        2.0,
        2.0,
        2.0,
        2.0,
        2.0,
        1.0,
        1.0,
        1.0,
        1.0,
        1.0,
        1.0,
        1.0,
        1.0,
        1.0,
        1.0,
        1.0,
        1.0,
        1.0,
        1.0,
        1.0,
        1.0,
        1.0,
        1.0,
        1.0,
        1.0,
        1.0,
        1.0,
        1.0,
        1.0,
        1.0,
        1.0,
        1.0,
        1.0,
        1.0,
        1.0,
        1.0,
        1.0,
        1.0,
        1.0,
        1.0,
        1.0,
        1.0,
        1.0,
        1.0,
        1.0,
        0.0,
        0.0,
        0.0,
        0.0,
        0.0,
        0.0,
        0.0,
        0.0,
        0.0,
        0.0,
        0.0,
        0.0,
        0.0,
        0.0,
        0.0,
        0.0,
        0.0,
        0.0,
        0.0,
        0.0,
        0.0,
        0.0,
        0.0,
        0.0,
        0.0,
        0.0,
        0.0,
        0.0,
        0.0,
        0.0,
        0.0,
        0.0,
        0.0,
        0.0,
        0.0,
        0.0,
        0.0,
        0.0,
        0.0,
        0.0,
        0.0,
        0.0,
        0.0,
        0.0,
        0.0,
        0.0,
        0.0,
        0.0,
        0.0,
        0.0
    ],
    "fitnesses": [
        24.2385,
        1.306,
        1.082,
        1.061,
        1.044,
        1.042,
        1.0382500000000001,
        1.03,
        1.028,
        1.028,
        1.022,
        1.02,
        1.01825,
        1.0154999999999998,
        1.0145,
        1.0139999999999998,
        1.0107499999999998,
        1.01,
        1.0095,
        1.0090000000000001,
        1.009,
        1.008,
        1.00775,
        1.00775,
        1.00725,
        1.00675,
        1.0065,
        1.005,
        1.005,
        1.005,
        1.005,
        1.005,
        1.005,
        1.00475,
        1.0045,
        1.0042499999999999,
        1.0042499999999999,
        1.004,
        1.0035,
        1.00325,
        1.0025,
        1.0,
        1.0,
        1.0,
        1.0,
        1.0,
        1.0,
        1.0,
        1.0,
        1.0,
        1.0,
        1.0,
        1.0,
        1.0,
        1.0,
        1.0,
        1.0,
        1.0,
        1.0,
        1.0,
        1.0,
        1.0,
        1.0,
        1.0,
        1.0,
        0.873,
        0.85575,
        0.8320000000000001,
        0.8049999999999999,
        0.8047500000000001,
        0.80225,
        0.757,
        0.7565,
        0.75,
        0.75,
        0.75,
        0.75,
        0.75,
        0.72,
        0.5097499999999999,
        0.5,
        0.5,
        0.5,
        0.5,
        0.30525,
        0.286,
        0.264,
        0.255,
        0.255,
        0.25375,
        0.25,
        0.25,
        0.25,
        0.25,
        0.0,
        0.0,
        0.0,
        0.0,
        0.0,
        0.0,
        0.0,
        0.0,
        0.0,
        0.0,
        0.0,
        0.0,
        0.0,
        0.0,
        0.0,
        0.0
    ],
    "time": 10.29
}