{
    "bestAvgScore": 9.6,
    "avgScore": 0.9897,
    "bestAvgFitness": 2474.2964,
    "avgFitness": 15.133391099999999,
    "top10AvgFitness": 247.964962,
    "top25AvgFitness": 109.5108008,
    "time": 60.58
}