{
    "bestAvgScore": 10.5,
    "avgScore": 1.60475,
    "bestAvgFitness": 2644.18675,
    "avgFitness": 43.27034225,
    "top10AvgFitness": 621.6770499999999,
    "top25AvgFitness": 308.911618,
    "time": 36.09
}