{
    "bestAvgScore": 74.4,
    "avgScore": 45.6896,
    "bestAvgFitness": 1010640.926,
    "avgFitness": 378078.6819875,
    "top10AvgFitness": 741503.60857,
    "top25AvgFitness": 684720.4785984,
    "time": 743.76
}