{
    "bestAvgScore": 102.75,
    "avgScore": 79.92635270541082,
    "bestAvgFitness": 451.2881275415842,
    "avgFitness": 217.0709684602185,
    "top10AvgFitness": 373.12739678050866,
    "top25AvgFitness": 340.54664879935444,
    "time": 428.1
}