{
    "bestAvgScore": 57.0,
    "avgScore": 37.777,
    "bestAvgFitness": 285351.49580000003,
    "avgFitness": 130326.96407510001,
    "top10AvgFitness": 234499.81817799996,
    "top25AvgFitness": 218925.8329048,
    "time": 552.1
}