{
    "bestAvgScore": 104.25,
    "avgScore": 78.90881763527054,
    "bestAvgFitness": 499.42737268547853,
    "avgFitness": 222.00004942472702,
    "top10AvgFitness": 390.762170192803,
    "top25AvgFitness": 354.6801462762254,
    "time": 432.07
}