{
    "bestAvgScore": 108.75,
    "avgScore": 80.79375,
    "bestAvgFitness": 546.7677388613862,
    "avgFitness": 222.79191868737877,
    "top10AvgFitness": 402.00917068269877,
    "top25AvgFitness": 365.3412430997081,
    "time": 840.93
}