{
    "bestAvgScore": 11.75,
    "avgScore": 0.73675,
    "bestAvgFitness": 6496.837,
    "avgFitness": 13.912816499999998,
    "top10AvgFitness": 247.747665,
    "top25AvgFitness": 104.323382,
    "time": 25.54
}