{
    "bestAvgScore": 13.25,
    "avgScore": 2.018,
    "bestAvgFitness": 6710.821999999999,
    "avgFitness": 77.03139675,
    "top10AvgFitness": 1120.3737549999998,
    "top25AvgFitness": 549.3114320000001,
    "time": 39.66
}