{
    "bestAvgScore": 105.75,
    "avgScore": 81.3775,
    "bestAvgFitness": 478.7625969727723,
    "avgFitness": 226.04757087755453,
    "top10AvgFitness": 393.1468907287444,
    "top25AvgFitness": 361.32556079998335,
    "time": 844.36
}