{
    "bestAvgScore": 105.5,
    "avgScore": 80.23725,
    "bestAvgFitness": 479.93863687128714,
    "avgFitness": 221.54591466024502,
    "top10AvgFitness": 395.14005182223974,
    "top25AvgFitness": 361.7833901854009,
    "time": 825.29
}