{
    "bestAvgScore": 73.8,
    "avgScore": 45.9069,
    "bestAvgFitness": 997260.6221999999,
    "avgFitness": 400343.89993380004,
    "top10AvgFitness": 786686.348758,
    "top25AvgFitness": 728396.6542136001,
    "time": 755.12
}