{
    "bestAvgScore": 52.5,
    "avgScore": 39.57975,
    "bestAvgFitness": 35.86125959469035,
    "avgFitness": 17.619792747700522,
    "top10AvgFitness": 31.78773728646845,
    "top25AvgFitness": 29.46854977028085,
    "time": 614.64
}