{
    "bestAvgScore": 75.0,
    "avgScore": 45.084900000000005,
    "bestAvgFitness": 1255871.3428,
    "avgFitness": 442733.1966463,
    "top10AvgFitness": 934904.278838,
    "top25AvgFitness": 844944.7759656,
    "time": 783.23
}