{
    "bestAvgScore": 109.75,
    "avgScore": 83.28657314629258,
    "bestAvgFitness": 557.8632729411764,
    "avgFitness": 249.25456592934998,
    "top10AvgFitness": 435.0292891981671,
    "top25AvgFitness": 395.8925124991836,
    "time": 455.4
}