{
    "bestAvgScore": 22.6,
    "avgScore": 5.4894,
    "bestAvgFitness": 20161.8966,
    "avgFitness": 898.5769551999999,
    "top10AvgFitness": 7743.625854,
    "top25AvgFitness": 4908.2814272,
    "time": 137.33
}