{
    "highScore": 217.0,
    "scores": [
        217.0,
        215.0,
        214.0,
        203.0,
        163.0,
        160.0,
        147.0,
        147.0,
        136.0,
        136.0,
        132.0,
        129.0,
        128.0,
        126.0,
        116.0,
        111.0,
        111.0,
        108.0,
        108.0,
        105.0,
        98.0,
        97.0,
        96.0,
        96.0,
        93.0,
        87.0,
        85.0,
        81.0,
        81.0,
        80.0,
        80.0,
        79.0,
        79.0,
        77.0,
        75.0,
        75.0,
        75.0,
        75.0,
        73.0,
        73.0,
        73.0,
        72.0,
        72.0,
        72.0,
        72.0,
        72.0,
        71.0,
        71.0,
        71.0,
        70.0,
        69.0,
        69.0,
        68.0,
        67.0,
        66.0,
        66.0,
        66.0,
        65.0,
        65.0,
        64.0,
        64.0,
        64.0,
        64.0,
        64.0,
        61.0,
        61.0,
        60.0,
        56.0,
        54.0,
        53.0,
        52.0,
        49.0,
        49.0,
        48.0,
        48.0,
        43.0,
        42.0,
        42.0,
        38.0,
        37.0,
        37.0,
        37.0,
        31.0,
        31.0,
        28.0,
        26.0,
        25.0,
        24.0,
        24.0,
        23.0,
        23.0,
        23.0,
        18.0,
        18.0,
        17.0,
        16.0,
        8.0,
        8.0,
        2.0
    ],
    "fitnesses": [
        1.001798981795644,
        1.001424971841645,
        1.0011528618945664,
        1.0008952169847074,
        1.000885863401775,
        1.000864158927958,
        1.0008246781511805,
        1.0008100321894722,
        1.0007370700350857,
        1.0006737681408218,
        1.0006188580576947,
        1.0006043763105774,
        1.0005440767679095,
        1.0005301750021383,
        1.0005132639939156,
        1.000442248298351,
        1.0004419075149984,
        1.00043643545703,
        1.0004344213665197,
        1.0004189027214982,
        1.0003640279369588,
        1.0003259498087276,
        1.0002069870751173,
        1.0002016352821754,
        1.0001876523129227,
        1.0001853771050968,
        1.0001351663130917,
        1.0000983396516145,
        1.000060780996493,
        1.0000373576397807,
        1.0000019900497512,
        0.6678657316485962,
        0.667076667132792,
        0.6670737792902548,
        0.6669225844638857,
        0.6668583852961439,
        0.6668583026049065,
        0.3341434319833853,
        0.3340367907801418,
        0.33357250572236435,
        0.3335516119032858,
        0.0,
        0.0,
        0.0,
        0.0,
        0.0,
        0.0,
        0.0,
        0.0,
        0.0,
        0.0,
        0.0,
        0.0,
        0.0,
        0.0,
        0.0,
        0.0,
        0.0,
        0.0,
        0.0,
        0.0,
        0.0,
        0.0,
        0.0,
        0.0,
        0.0,
        0.0,
        0.0,
        0.0,
        0.0,
        0.0,
        0.0,
        0.0,
        0.0,
        0.0,
        0.0,
        0.0,
        0.0,
        0.0,
        0.0,
        0.0,
        0.0,
        0.0,
        0.0,
        0.0,
        0.0,
        0.0,
        0.0,
        0.0,
        0.0,
        0.0,
        0.0,
        0.0,
        0.0,
        0.0,
        0.0,
        0.0,
        0.0,
        0.0
    ],
    "time": 1178.3
}