{
    "bestAvgScore": 4.25,
    "avgScore": 0.27525,
    "bestAvgFitness": 100.078,
    "avgFitness": 1.2655875,
    "top10AvgFitness": 9.762915,
    "top25AvgFitness": 4.610282,
    "time": 13.04
}