{
    "bestAvgScore": 106.25,
    "avgScore": 80.56675,
    "bestAvgFitness": 513.3412912532178,
    "avgFitness": 222.970168411641,
    "top10AvgFitness": 394.79971800727225,
    "top25AvgFitness": 362.87136022401273,
    "time": 830.34
}