{
    "bestAvgScore": 2.5,
    "avgScore": 0.037575150300601205,
    "bestAvgFitness": 0.25,
    "avgFitness": 0.000501002004008016,
    "top10AvgFitness": 0.01,
    "top25AvgFitness": 0.004032258064516129,
    "time": 1.45
}