{
    "bestAvgScore": 1.5,
    "avgScore": 0.08567134268537074,
    "bestAvgFitness": 3.03575,
    "avgFitness": 0.8770656312625251,
    "top10AvgFitness": 1.3265900000000002,
    "top25AvgFitness": 1.1371290322580645,
    "time": 2.75
}