{
    "bestAvgScore": 34.6,
    "avgScore": 9.471300000000001,
    "bestAvgFitness": 52426.3214,
    "avgFitness": 2803.4073062999996,
    "top10AvgFitness": 15710.24368,
    "top25AvgFitness": 11158.705229600002,
    "time": 179.21
}