{
    "bestAvgScore": 73.6,
    "avgScore": 45.568,
    "bestAvgFitness": 1045586.1918000001,
    "avgFitness": 404031.70022109995,
    "top10AvgFitness": 791528.6220639999,
    "top25AvgFitness": 728938.4589608,
    "time": 746.33
}