{
    "bestAvgScore": 16.75,
    "avgScore": 4.2705,
    "bestAvgFitness": 28432.45825,
    "avgFitness": 402.44349400000004,
    "top10AvgFitness": 4643.401735,
    "top25AvgFitness": 2425.3774580000004,
    "time": 64.22
}