{
    "bestAvgScore": 57.6,
    "avgScore": 38.593199999999996,
    "bestAvgFitness": 303277.6434,
    "avgFitness": 142200.3167453,
    "top10AvgFitness": 256410.10602799998,
    "top25AvgFitness": 241373.71639520003,
    "time": 563.72
}