{
    "bestAvgScore": 101.25,
    "avgScore": 76.2249498997996,
    "bestAvgFitness": 449.0431940936226,
    "avgFitness": 197.62525421065263,
    "top10AvgFitness": 338.0007419301229,
    "top25AvgFitness": 311.2930989491654,
    "time": 418.04
}