{
    "bestAvgScore": 101.5,
    "avgScore": 77.726,
    "bestAvgFitness": 439.0179667826635,
    "avgFitness": 204.61912647094817,
    "top10AvgFitness": 363.1212455129336,
    "top25AvgFitness": 333.03786030681476,
    "time": 812.58
}