{
    "bestAvgScore": 83.75,
    "avgScore": 52.210420841683366,
    "bestAvgFitness": 200.14520735148514,
    "avgFitness": 43.25999971367482,
    "top10AvgFitness": 158.54030554209984,
    "top25AvgFitness": 131.27926877741837,
    "time": 248.63
}