{
    "bestAvgScore": 104.0,
    "avgScore": 79.47795591182364,
    "bestAvgFitness": 515.2230092370996,
    "avgFitness": 221.4016146531368,
    "top10AvgFitness": 373.9891780142623,
    "top25AvgFitness": 342.9474255301507,
    "time": 440.54
}