{
    "bestAvgScore": 61.6,
    "avgScore": 42.244800000000005,
    "bestAvgFitness": 434957.9132,
    "avgFitness": 205691.0965423,
    "top10AvgFitness": 353855.890098,
    "top25AvgFitness": 335722.4671096,
    "time": 621.72
}