{
    "bestAvgScore": 81.5,
    "avgScore": 52.60897435897436,
    "bestAvgFitness": 98.00889853663367,
    "avgFitness": 11.639380989027963,
    "top10AvgFitness": 90.54769685027395,
    "top25AvgFitness": 62.125685897257526,
    "time": 20.08
}