{
    "bestAvgScore": 103.0,
    "avgScore": 77.71175,
    "bestAvgFitness": 495.65950069900987,
    "avgFitness": 209.482534167193,
    "top10AvgFitness": 378.71714557564445,
    "top25AvgFitness": 346.40618233871254,
    "time": 806.67
}