{
    "bestAvgScore": 105.5,
    "avgScore": 82.109,
    "bestAvgFitness": 483.75820379043876,
    "avgFitness": 233.42541024807102,
    "top10AvgFitness": 405.86102572323705,
    "top25AvgFitness": 372.88169944242287,
    "time": 847.6
}