{
    "bestAvgScore": 98.0,
    "avgScore": 72.83266533066133,
    "bestAvgFitness": 342.16997244158415,
    "avgFitness": 161.59746210903614,
    "top10AvgFitness": 300.61986480620055,
    "top25AvgFitness": 270.8781172099057,
    "time": 370.5
}