{
    "bestAvgScore": 98.0,
    "avgScore": 71.8235,
    "bestAvgFitness": 371.0201235643565,
    "avgFitness": 159.97583196174045,
    "top10AvgFitness": 289.2564089323503,
    "top25AvgFitness": 264.2519256402536,
    "time": 739.46
}