{
    "bestAvgScore": 97.75,
    "avgScore": 72.01703406813627,
    "bestAvgFitness": 349.12635011212876,
    "avgFitness": 157.99775240291336,
    "top10AvgFitness": 292.50235371508523,
    "top25AvgFitness": 266.09252410760973,
    "time": 364.54
}