{
    "bestAvgScore": 103.5,
    "avgScore": 77.9135,
    "bestAvgFitness": 470.01186454183164,
    "avgFitness": 202.1063843201502,
    "top10AvgFitness": 370.80587661135877,
    "top25AvgFitness": 336.9299053942153,
    "time": 814.86
}