{
    "bestAvgScore": 67.6,
    "avgScore": 43.60510000000001,
    "bestAvgFitness": 649898.9212,
    "avgFitness": 275127.33137240005,
    "top10AvgFitness": 514868.43197399995,
    "top25AvgFitness": 481179.4668784,
    "time": 689.17
}