{
    "bestAvgScore": 56.4,
    "avgScore": 37.592800000000004,
    "bestAvgFitness": 267266.18000000005,
    "avgFitness": 127955.2180791,
    "top10AvgFitness": 222043.93507,
    "top25AvgFitness": 210599.259852,
    "time": 549.01
}