{
    "bestAvgScore": 16.75,
    "avgScore": 3.3365,
    "bestAvgFitness": 17144.2005,
    "avgFitness": 235.08909149999997,
    "top10AvgFitness": 2940.075605,
    "top25AvgFitness": 1498.458982,
    "time": 52.69
}