{
    "bestAvgScore": 102.25,
    "avgScore": 79.16683366733467,
    "bestAvgFitness": 443.8355066527228,
    "avgFitness": 217.21506798398315,
    "top10AvgFitness": 366.778314282024,
    "top25AvgFitness": 339.4110890177617,
    "time": 427.03
}