{
    "bestAvgScore": 52.0,
    "avgScore": 30.250899999999998,
    "bestAvgFitness": 206122.62740000003,
    "avgFitness": 70015.7557049,
    "top10AvgFitness": 150675.94867,
    "top25AvgFitness": 137801.95254079998,
    "time": 458.83
}