{
    "bestAvgScore": 106.5,
    "avgScore": 81.54108216432866,
    "bestAvgFitness": 541.8594655881188,
    "avgFitness": 239.54363524793126,
    "top10AvgFitness": 444.6092275452489,
    "top25AvgFitness": 394.48970907277237,
    "time": 448.98
}