{
    "bestAvgScore": 53.0,
    "avgScore": 38.96275,
    "bestAvgFitness": 39.398782899509804,
    "avgFitness": 17.905564386805725,
    "top10AvgFitness": 32.20826115494118,
    "top25AvgFitness": 29.915112892637744,
    "time": 624.39
}