{
    "bestAvgScore": 104.5,
    "avgScore": 83.03907815631263,
    "bestAvgFitness": 516.082438966657,
    "avgFitness": 252.03256983468822,
    "top10AvgFitness": 423.8585890391177,
    "top25AvgFitness": 391.6497193165074,
    "time": 454.53
}