{
    "bestAvgScore": 105.75,
    "avgScore": 81.123,
    "bestAvgFitness": 481.20473805643564,
    "avgFitness": 226.37542315933794,
    "top10AvgFitness": 391.88234872578556,
    "top25AvgFitness": 361.0891154637044,
    "time": 843.83
}