{
    "bestAvgScore": 91.25,
    "avgScore": 59.8765,
    "bestAvgFitness": 295.4723586742865,
    "avgFitness": 80.25370863975385,
    "top10AvgFitness": 201.02765315024865,
    "top25AvgFitness": 173.9663407457331,
    "time": 561.65
}