{
    "bestAvgScore": 96.25,
    "avgScore": 72.8311623246493,
    "bestAvgFitness": 363.0483252764026,
    "avgFitness": 163.28318010021093,
    "top10AvgFitness": 291.6389498578412,
    "top25AvgFitness": 267.6080563218908,
    "time": 379.05
}