{
    "bestAvgScore": 12.75,
    "avgScore": 3.07125,
    "bestAvgFitness": 4421.4775,
    "avgFitness": 162.49615225,
    "top10AvgFitness": 1754.3903099999998,
    "top25AvgFitness": 989.81715,
    "time": 49.7
}