{
    "bestAvgScore": 53.0,
    "avgScore": 39.66775,
    "bestAvgFitness": 37.83041558688119,
    "avgFitness": 17.08908212773524,
    "top10AvgFitness": 31.083557060727717,
    "top25AvgFitness": 28.838940699398528,
    "time": 598.64
}