{
    "bestAvgScore": 106.25,
    "avgScore": 81.4545,
    "bestAvgFitness": 491.6811893336633,
    "avgFitness": 228.5172014996513,
    "top10AvgFitness": 412.96529873763177,
    "top25AvgFitness": 376.65518362389383,
    "time": 843.39
}