{
    "bestAvgScore": 52.0,
    "avgScore": 40.0025,
    "bestAvgFitness": 34.471384529702966,
    "avgFitness": 13.150402533494645,
    "top10AvgFitness": 25.668415307833037,
    "top25AvgFitness": 23.077083284714032,
    "time": 452.72
}