{
    "bestAvgScore": 76.8,
    "avgScore": 45.10589999999999,
    "bestAvgFitness": 1298973.3582000001,
    "avgFitness": 460632.68274759996,
    "top10AvgFitness": 978686.1688239999,
    "top25AvgFitness": 887486.1010824,
    "time": 791.93
}