{
    "bestAvgScore": 105.5,
    "avgScore": 79.12124248496994,
    "bestAvgFitness": 480.9454351564357,
    "avgFitness": 228.6908007413935,
    "top10AvgFitness": 399.9318935664539,
    "top25AvgFitness": 364.3348993428574,
    "time": 427.69
}