{
    "bestAvgScore": 70.0,
    "avgScore": 43.696400000000004,
    "bestAvgFitness": 768003.4312,
    "avgFitness": 307310.7485609,
    "top10AvgFitness": 614435.4520520001,
    "top25AvgFitness": 564805.0332423999,
    "time": 706.91
}