{
    "bestAvgScore": 51.8,
    "avgScore": 30.6463,
    "bestAvgFitness": 186067.6864,
    "avgFitness": 69393.0838715,
    "top10AvgFitness": 147616.262798,
    "top25AvgFitness": 134905.24249839998,
    "time": 458.22
}