{
    "bestAvgScore": 10.25,
    "avgScore": 1.3407271514342896,
    "bestAvgFitness": 2266.35375,
    "avgFitness": 24.153105570380255,
    "top10AvgFitness": 366.79716666666667,
    "top25AvgFitness": 174.29555080213905,
    "time": 45.4
}