{
    "bestAvgScore": 66.8,
    "avgScore": 42.195,
    "bestAvgFitness": 629729.8418,
    "avgFitness": 241543.85067269998,
    "top10AvgFitness": 468553.133764,
    "top25AvgFitness": 431508.2617744,
    "time": 657.95
}