{
    "bestAvgScore": 104.5,
    "avgScore": 81.85120240480961,
    "bestAvgFitness": 483.24452477722775,
    "avgFitness": 241.5011049358773,
    "top10AvgFitness": 419.38032898516735,
    "top25AvgFitness": 382.65658605893236,
    "time": 440.2
}