{
    "bestAvgScore": 52.75,
    "avgScore": 39.2075,
    "bestAvgFitness": 35.495310944554454,
    "avgFitness": 17.034374206463173,
    "top10AvgFitness": 30.81999250591371,
    "top25AvgFitness": 28.772448419727365,
    "time": 602.21
}