{
    "bestAvgScore": 96.0,
    "avgScore": 67.9165,
    "bestAvgFitness": 364.1581993490196,
    "avgFitness": 139.14928633782915,
    "top10AvgFitness": 268.7423844793022,
    "top25AvgFitness": 243.12949370698132,
    "time": 754.56
}