{
    "bestAvgScore": 5.25,
    "avgScore": 0.15675,
    "bestAvgFitness": 347.82375,
    "avgFitness": 1.4576390000000001,
    "top10AvgFitness": 14.639280000000001,
    "top25AvgFitness": 6.471816,
    "time": 11.83
}