{
    "bestAvgScore": 107.25,
    "avgScore": 80.86675,
    "bestAvgFitness": 506.1139555579208,
    "avgFitness": 223.16190685870467,
    "top10AvgFitness": 400.0942383197099,
    "top25AvgFitness": 364.0858541405776,
    "time": 841.42
}