{
    "bestAvgScore": 52.75,
    "avgScore": 40.20125,
    "bestAvgFitness": 33.68741771822947,
    "avgFitness": 14.540218958976608,
    "top10AvgFitness": 27.876023640163467,
    "top25AvgFitness": 25.466784684788312,
    "time": 496.49
}