{
    "bestAvgScore": 74.2,
    "avgScore": 45.448800000000006,
    "bestAvgFitness": 1050664.052,
    "avgFitness": 406887.2757687,
    "top10AvgFitness": 803288.4302220002,
    "top25AvgFitness": 739233.4867151999,
    "time": 756.97
}