{
    "bestAvgScore": 101.5,
    "avgScore": 79.25100200400801,
    "bestAvgFitness": 422.19820227722767,
    "avgFitness": 211.069101964124,
    "top10AvgFitness": 363.623651910041,
    "top25AvgFitness": 333.5571262133856,
    "time": 422.1
}