{
    "bestAvgScore": 108.25,
    "avgScore": 78.3495,
    "bestAvgFitness": 519.4798207673267,
    "avgFitness": 209.07674464265116,
    "top10AvgFitness": 388.51271274697757,
    "top25AvgFitness": 349.23783306714927,
    "time": 817.59
}