{
    "bestAvgScore": 100.75,
    "avgScore": 78.04625,
    "bestAvgFitness": 426.06871826732674,
    "avgFitness": 208.20156454303734,
    "top10AvgFitness": 362.8644574131966,
    "top25AvgFitness": 336.034154825948,
    "time": 817.68
}