{
    "bestAvgScore": 52.75,
    "avgScore": 39.4745,
    "bestAvgFitness": 37.57126127475247,
    "avgFitness": 18.21300349587774,
    "top10AvgFitness": 32.31843137666133,
    "top25AvgFitness": 30.2779712235239,
    "time": 625.77
}