{
    "bestAvgScore": 108.25,
    "avgScore": 80.52225,
    "bestAvgFitness": 564.7117886465201,
    "avgFitness": 223.23410535406782,
    "top10AvgFitness": 400.60667265976286,
    "top25AvgFitness": 363.1615439499415,
    "time": 836.32
}