{
    "bestAvgScore": 76.0,
    "avgScore": 45.0517,
    "bestAvgFitness": 1317499.0922,
    "avgFitness": 448568.0212428,
    "top10AvgFitness": 940461.2421980001,
    "top25AvgFitness": 851675.6342415999,
    "time": 797.18
}