{
    "bestAvgScore": 97.75,
    "avgScore": 73.65330661322645,
    "bestAvgFitness": 357.3343548267327,
    "avgFitness": 165.89750535843143,
    "top10AvgFitness": 288.67399997025075,
    "top25AvgFitness": 265.8130225979775,
    "time": 369.58
}