{
    "bestAvgScore": 52.0,
    "avgScore": 36.3405,
    "bestAvgFitness": 21.842153847058825,
    "avgFitness": 8.001389749106899,
    "top10AvgFitness": 16.671582931835633,
    "top25AvgFitness": 14.767135154776131,
    "time": 332.33
}