{
    "bestAvgScore": 54.25,
    "avgScore": 38.9545,
    "bestAvgFitness": 41.79064101485149,
    "avgFitness": 16.08018619207878,
    "top10AvgFitness": 29.83641089565084,
    "top25AvgFitness": 27.582973930307936,
    "time": 581.25
}