{
    "bestAvgScore": 105.75,
    "avgScore": 79.90080160320642,
    "bestAvgFitness": 481.52758402910115,
    "avgFitness": 224.96632856887015,
    "top10AvgFitness": 390.48999554784115,
    "top25AvgFitness": 355.1398956421715,
    "time": 432.62
}