{
    "bestAvgScore": 103.75,
    "avgScore": 81.64,
    "bestAvgFitness": 480.95149727722776,
    "avgFitness": 226.15776290333355,
    "top10AvgFitness": 398.1109530601708,
    "top25AvgFitness": 367.70517272442277,
    "time": 843.69
}