{
    "bestAvgScore": 36.2,
    "avgScore": 10.682799999999999,
    "bestAvgFitness": 56588.9792,
    "avgFitness": 3594.2688186000005,
    "top10AvgFitness": 17195.214895999998,
    "top25AvgFitness": 12707.084150400002,
    "time": 193.68
}