{
    "bestAvgScore": 105.5,
    "avgScore": 79.67625,
    "bestAvgFitness": 480.6198333097651,
    "avgFitness": 219.83145739438845,
    "top10AvgFitness": 395.5125001137224,
    "top25AvgFitness": 362.82133980928853,
    "time": 836.09
}