{
    "bestAvgScore": 99.75,
    "avgScore": 75.34869739478958,
    "bestAvgFitness": 397.9581407923772,
    "avgFitness": 179.78609597666767,
    "top10AvgFitness": 331.98988911096194,
    "top25AvgFitness": 302.7397255262737,
    "time": 371.01
}