{
    "bestAvgScore": 10.5,
    "avgScore": 2.0215,
    "bestAvgFitness": 2161.4435000000003,
    "avgFitness": 35.84294225,
    "top10AvgFitness": 419.73612,
    "top25AvgFitness": 224.618096,
    "time": 36.53
}