{
    "bestAvgScore": 81.2,
    "avgScore": 44.523399999999995,
    "bestAvgFitness": 1669536.203,
    "avgFitness": 514315.3349518,
    "top10AvgFitness": 1106275.640894,
    "top25AvgFitness": 1006961.705872,
    "time": 837.21
}