{
    "bestAvgScore": 106.5,
    "avgScore": 81.2065,
    "bestAvgFitness": 469.1688766866822,
    "avgFitness": 227.56918157842156,
    "top10AvgFitness": 397.97416962792647,
    "top25AvgFitness": 363.96783040818025,
    "time": 847.02
}