{
    "bestAvgScore": 109.25,
    "avgScore": 83.05460921843688,
    "bestAvgFitness": 584.446547217652,
    "avgFitness": 247.13058514752512,
    "top10AvgFitness": 431.8686309454409,
    "top25AvgFitness": 393.31450171514615,
    "time": 457.56
}