{
    "bestAvgScore": 96.0,
    "avgScore": 64.275,
    "bestAvgFitness": 338.5668236772277,
    "avgFitness": 114.1394162070349,
    "top10AvgFitness": 233.3260347423429,
    "top25AvgFitness": 210.15900785230306,
    "time": 652.81
}