{
    "bestAvgScore": 100.75,
    "avgScore": 79.76653306613227,
    "bestAvgFitness": 427.7741115881188,
    "avgFitness": 219.68888413197803,
    "top10AvgFitness": 374.9865604805195,
    "top25AvgFitness": 342.8726941210326,
    "time": 433.66
}