{
    "bestAvgScore": 103.25,
    "avgScore": 77.895,
    "bestAvgFitness": 459.2167945792079,
    "avgFitness": 201.98802511260558,
    "top10AvgFitness": 366.0302923861031,
    "top25AvgFitness": 332.47194630645697,
    "time": 818.37
}