{
    "bestAvgScore": 105.25,
    "avgScore": 81.80861723446894,
    "bestAvgFitness": 492.56882135643565,
    "avgFitness": 243.49494716590277,
    "top10AvgFitness": 427.9698099951654,
    "top25AvgFitness": 393.5243946794564,
    "time": 439.52
}