{
    "bestAvgScore": 45.6,
    "avgScore": 21.4434,
    "bestAvgFitness": 115060.7004,
    "avgFitness": 30214.984040299998,
    "top10AvgFitness": 89362.867074,
    "top25AvgFitness": 76757.6366728,
    "time": 361.7
}