{
    "bestAvgScore": 2.4,
    "avgScore": 0.0502,
    "bestAvgFitness": 18.270400000000002,
    "avgFitness": 0.2124708,
    "top10AvgFitness": 1.4758679999999997,
    "top25AvgFitness": 1.1903472,
    "time": 10.91
}