{
    "bestAvgScore": 11.75,
    "avgScore": 2.3614076050700468,
    "bestAvgFitness": 2499.5099999999998,
    "avgFitness": 64.61008822548365,
    "top10AvgFitness": 716.6088266666667,
    "top25AvgFitness": 413.9628890374331,
    "time": 50.86
}