{
    "bestAvgScore": 83.0,
    "avgScore": 66.73076923076923,
    "bestAvgFitness": 171.7909590158416,
    "avgFitness": 91.67659418372811,
    "top10AvgFitness": 169.77065948316834,
    "top25AvgFitness": 157.50599724341777,
    "time": 26.83
}