{
    "bestAvgScore": 97.0,
    "avgScore": 67.29809619238478,
    "bestAvgFitness": 373.9697833741021,
    "avgFitness": 144.57344931914966,
    "top10AvgFitness": 282.7421688931807,
    "top25AvgFitness": 252.7455121780988,
    "time": 372.66
}