{
    "bestAvgScore": 109.75,
    "avgScore": 82.90681362725451,
    "bestAvgFitness": 589.5909294727722,
    "avgFitness": 245.87380596701905,
    "top10AvgFitness": 423.3118970028521,
    "top25AvgFitness": 382.3969799043169,
    "time": 441.54
}