{
    "bestAvgScore": 52.75,
    "avgScore": 38.76875,
    "bestAvgFitness": 35.39184849592313,
    "avgFitness": 16.66752748931905,
    "top10AvgFitness": 30.453125758479324,
    "top25AvgFitness": 28.254263294709624,
    "time": 588.35
}