{
    "bestAvgScore": 98.0,
    "avgScore": 66.01402805611222,
    "bestAvgFitness": 322.15927951591254,
    "avgFitness": 120.51302300746076,
    "top10AvgFitness": 245.83385839494335,
    "top25AvgFitness": 217.2722715793248,
    "time": 334.23
}