{
    "bestAvgScore": 78.6,
    "avgScore": 43.941700000000004,
    "bestAvgFitness": 1473409.0608,
    "avgFitness": 517918.4626001,
    "top10AvgFitness": 1134698.426604,
    "top25AvgFitness": 1027428.0113968,
    "time": 835.58
}