{
    "bestAvgScore": 103.75,
    "avgScore": 79.64228456913828,
    "bestAvgFitness": 463.9510110258424,
    "avgFitness": 215.5958052989132,
    "top10AvgFitness": 362.80161050149667,
    "top25AvgFitness": 336.6653426917274,
    "time": 436.91
}