{
    "highScore": 220.0,
    "scores": [
        220.0,
        220.0,
        217.0,
        216.0,
        158.0,
        155.0,
        152.0,
        151.0,
        142.0,
        136.0,
        135.0,
        130.0,
        124.0,
        112.0,
        110.0,
        109.0,
        107.0,
        106.0,
        106.0,
        105.0,
        102.0,
        100.0,
        99.0,
        95.0,
        91.0,
        89.0,
        89.0,
        85.0,
        85.0,
        81.0,
        80.0,
        79.0,
        77.0,
        77.0,
        77.0,
        75.0,
        75.0,
        75.0,
        74.0,
        74.0,
        74.0,
        74.0,
        73.0,
        72.0,
        71.0,
        71.0,
        70.0,
        70.0,
        68.0,
        68.0,
        68.0,
        68.0,
        67.0,
        67.0,
        67.0,
        67.0,
        67.0,
        67.0,
        67.0,
        67.0,
        67.0,
        67.0,
        66.0,
        66.0,
        65.0,
        65.0,
        65.0,
        64.0,
        64.0,
        63.0,
        63.0,
        61.0,
        60.0,
        60.0,
        60.0,
        59.0,
        58.0,
        56.0,
        54.0,
        54.0,
        54.0,
        53.0,
        49.0,
        48.0,
        45.0,
        41.0,
        39.0,
        37.0,
        32.0,
        32.0,
        31.0,
        24.0,
        23.0,
        22.0,
        22.0,
        21.0,
        18.0,
        17.0,
        12.0
    ],
    "fitnesses": [
        1.0020810678525154,
        1.0013850350506424,
        1.0013673786907349,
        1.00123306991667,
        1.0011401664172255,
        1.0008754558019421,
        1.0008302677779224,
        1.0007997205898436,
        1.0005710651325828,
        1.0005356158563583,
        1.000483176857359,
        1.000459100180431,
        1.0004491273886778,
        1.000417238136751,
        1.0003989976729415,
        1.0003559152502317,
        1.0003535600481648,
        1.0003003728042525,
        1.0003001507239146,
        1.0002916611238033,
        1.0002409558355,
        1.0002383117316072,
        1.0000648952432163,
        0.3340457087512107,
        0.33397215515853856,
        0.0,
        0.0,
        0.0,
        0.0,
        0.0,
        0.0,
        0.0,
        0.0,
        0.0,
        0.0,
        0.0,
        0.0,
        0.0,
        0.0,
        0.0,
        0.0,
        0.0,
        0.0,
        0.0,
        0.0,
        0.0,
        0.0,
        0.0,
        0.0,
        0.0,
        0.0,
        0.0,
        0.0,
        0.0,
        0.0,
        0.0,
        0.0,
        0.0,
        0.0,
        0.0,
        0.0,
        0.0,
        0.0,
        0.0,
        0.0,
        0.0,
        0.0,
        0.0,
        0.0,
        0.0,
        0.0,
        0.0,
        0.0,
        0.0,
        0.0,
        0.0,
        0.0,
        0.0,
        0.0,
        0.0,
        0.0,
        0.0,
        0.0,
        0.0,
        0.0,
        0.0,
        0.0,
        0.0,
        0.0,
        0.0,
        0.0,
        0.0,
        0.0,
        0.0,
        0.0,
        0.0,
        0.0,
        0.0,
        0.0
    ],
    "time": 1285.6
}