{
    "bestAvgScore": 12.0,
    "avgScore": 1.5922000000000003,
    "bestAvgFitness": 3078.5696000000003,
    "avgFitness": 33.865965599999996,
    "top10AvgFitness": 494.99985399999997,
    "top25AvgFitness": 237.3577304,
    "time": 77.61
}