{
    "bestAvgScore": 53.8,
    "avgScore": 32.0111,
    "bestAvgFitness": 235948.3412,
    "avgFitness": 84272.9480948,
    "top10AvgFitness": 175520.61811599997,
    "top25AvgFitness": 161402.45864,
    "time": 483.07
}