{
    "bestAvgScore": 75.8,
    "avgScore": 45.531,
    "bestAvgFitness": 1200679.0124,
    "avgFitness": 437484.58702579996,
    "top10AvgFitness": 886963.5082279998,
    "top25AvgFitness": 812027.8713544,
    "time": 774.38
}