{
    "bestAvgScore": 75.6,
    "avgScore": 45.0065,
    "bestAvgFitness": 1233973.4548,
    "avgFitness": 470068.8832151,
    "top10AvgFitness": 984500.093752,
    "top25AvgFitness": 898574.968992,
    "time": 799.04
}