{
    "bestAvgScore": 2.25,
    "avgScore": 0.108,
    "bestAvgFitness": 5.12575,
    "avgFitness": 0.78436725,
    "top10AvgFitness": 1.4414699999999998,
    "top25AvgFitness": 1.185284,
    "time": 8.82
}