{
    "bestAvgScore": 52.25,
    "avgScore": 35.80475,
    "bestAvgFitness": 21.96852659528247,
    "avgFitness": 7.571662627592757,
    "top10AvgFitness": 16.349299492982926,
    "top25AvgFitness": 14.372998011671054,
    "time": 331.93
}