{
    "bestAvgScore": 109.5,
    "avgScore": 80.67434869739479,
    "bestAvgFitness": 508.24761584158415,
    "avgFitness": 235.45966565957426,
    "top10AvgFitness": 422.78533538491706,
    "top25AvgFitness": 378.57785812936726,
    "time": 430.0
}