{
    "bestAvgScore": 102.75,
    "avgScore": 74.17384769539078,
    "bestAvgFitness": 467.0643620318433,
    "avgFitness": 178.11332531449992,
    "top10AvgFitness": 340.30700065559955,
    "top25AvgFitness": 305.849234662381,
    "time": 372.93
}