{
    "bestAvgScore": 102.5,
    "avgScore": 78.41533066132264,
    "bestAvgFitness": 475.1512292428217,
    "avgFitness": 212.7066065660587,
    "top10AvgFitness": 373.2000610839852,
    "top25AvgFitness": 338.06317060735097,
    "time": 424.39
}