{
    "bestAvgScore": 102.75,
    "avgScore": 81.08975,
    "bestAvgFitness": 456.63766293737626,
    "avgFitness": 224.02164527282883,
    "top10AvgFitness": 393.263414174726,
    "top25AvgFitness": 361.79153982220686,
    "time": 844.14
}