{
    "bestAvgScore": 7.75,
    "avgScore": 0.50325,
    "bestAvgFitness": 578.27325,
    "avgFitness": 3.8560825,
    "top10AvgFitness": 58.00903,
    "top25AvgFitness": 25.185166000000002,
    "time": 19.14
}