{
    "bestAvgScore": 107.0,
    "avgScore": 78.722,
    "bestAvgFitness": 547.3938320737624,
    "avgFitness": 208.86551560676816,
    "top10AvgFitness": 381.01918412156317,
    "top25AvgFitness": 341.7106090394839,
    "time": 819.05
}