{
    "bestAvgScore": 75.6,
    "avgScore": 45.68,
    "bestAvgFitness": 1260549.6570000001,
    "avgFitness": 423487.0101129,
    "top10AvgFitness": 833707.34235,
    "top25AvgFitness": 769543.629764,
    "time": 758.88
}