{
    "bestAvgScore": 6.5,
    "avgScore": 1.50775,
    "bestAvgFitness": 706.2452499999999,
    "avgFitness": 15.44761725,
    "top10AvgFitness": 177.76608499999998,
    "top25AvgFitness": 96.54068000000001,
    "time": 31.95
}