{
    "bestAvgScore": 24.6,
    "avgScore": 8.1363,
    "bestAvgFitness": 30030.918400000002,
    "avgFitness": 1803.9686751000002,
    "top10AvgFitness": 10200.548658,
    "top25AvgFitness": 7340.7556784,
    "time": 166.61
}