{
    "bestAvgScore": 58.4,
    "avgScore": 38.84510000000001,
    "bestAvgFitness": 329514.4346,
    "avgFitness": 150225.6937259,
    "top10AvgFitness": 270368.61382,
    "top25AvgFitness": 254824.9512624,
    "time": 574.82
}