{
    "bestAvgScore": 101.0,
    "avgScore": 73.76352705410822,
    "bestAvgFitness": 381.47383288893417,
    "avgFitness": 174.98876795681872,
    "top10AvgFitness": 316.8486748962347,
    "top25AvgFitness": 288.1121626779025,
    "time": 359.71
}