{
    "bestAvgScore": 101.0,
    "avgScore": 76.03557114228457,
    "bestAvgFitness": 425.7970071241409,
    "avgFitness": 185.5226340690856,
    "top10AvgFitness": 346.6815359718116,
    "top25AvgFitness": 313.0531467982432,
    "time": 386.46
}