{
    "bestAvgScore": 107.75,
    "avgScore": 80.5675,
    "bestAvgFitness": 545.861175449932,
    "avgFitness": 225.97450056990812,
    "top10AvgFitness": 401.3439514821836,
    "top25AvgFitness": 368.58631820814213,
    "time": 834.79
}