{
    "bestAvgScore": 104.25,
    "avgScore": 77.91825,
    "bestAvgFitness": 481.0448104967094,
    "avgFitness": 204.14984529606252,
    "top10AvgFitness": 365.8274013285685,
    "top25AvgFitness": 333.83767576008,
    "time": 816.08
}