{
    "bestAvgScore": 52.25,
    "avgScore": 37.48125,
    "bestAvgFitness": 27.164250648267327,
    "avgFitness": 9.64591395646963,
    "top10AvgFitness": 19.949062946408734,
    "top25AvgFitness": 17.791653107059357,
    "time": 375.8
}