{
    "bestAvgScore": 52.5,
    "avgScore": 40.089,
    "bestAvgFitness": 36.54413501237624,
    "avgFitness": 18.366662547309463,
    "top10AvgFitness": 31.99461957788177,
    "top25AvgFitness": 29.989391123405863,
    "time": 634.01
}