{
    "bestAvgScore": 78.4,
    "avgScore": 43.9843,
    "bestAvgFitness": 1530834.1539999999,
    "avgFitness": 490771.90677299997,
    "top10AvgFitness": 1069288.145474,
    "top25AvgFitness": 963013.8193576001,
    "time": 810.23
}