{
    "bestAvgScore": 53.8,
    "avgScore": 32.781800000000004,
    "bestAvgFitness": 227346.1536,
    "avgFitness": 92081.25803910001,
    "top10AvgFitness": 190929.37430199998,
    "top25AvgFitness": 175895.8926264,
    "time": 496.02
}