{
    "bestAvgScore": 93.25,
    "avgScore": 62.7005,
    "bestAvgFitness": 282.5348605846535,
    "avgFitness": 108.44179913025009,
    "top10AvgFitness": 224.53104888119012,
    "top25AvgFitness": 200.52527217327625,
    "time": 631.45
}