{
    "bestAvgScore": 107.0,
    "avgScore": 81.56763527054109,
    "bestAvgFitness": 545.5557259227722,
    "avgFitness": 245.3861501922513,
    "top10AvgFitness": 424.64758594599994,
    "top25AvgFitness": 391.3696944400045,
    "time": 452.66
}