{
    "bestAvgScore": 102.75,
    "avgScore": 82.2249498997996,
    "bestAvgFitness": 491.5285807910891,
    "avgFitness": 242.38217659649808,
    "top10AvgFitness": 415.45943697468095,
    "top25AvgFitness": 381.50448191682966,
    "time": 436.24
}