{
    "bestAvgScore": 96.75,
    "avgScore": 66.75175,
    "bestAvgFitness": 336.7240176980198,
    "avgFitness": 130.9280269045762,
    "top10AvgFitness": 261.41737865129375,
    "top25AvgFitness": 231.85450157187555,
    "time": 763.2
}