{
    "bestAvgScore": 107.5,
    "avgScore": 80.94025,
    "bestAvgFitness": 506.1279509366336,
    "avgFitness": 226.95081007683208,
    "top10AvgFitness": 398.2454797568639,
    "top25AvgFitness": 366.4367856682051,
    "time": 840.55
}