{
    "bestAvgScore": 52.0,
    "avgScore": 39.657,
    "bestAvgFitness": 36.522403661182295,
    "avgFitness": 18.131691717410273,
    "top10AvgFitness": 32.0899440408609,
    "top25AvgFitness": 29.913116102511935,
    "time": 630.7
}