{
    "bestAvgScore": 71.0,
    "avgScore": 44.7648,
    "bestAvgFitness": 778704.0815999999,
    "avgFitness": 311792.5136803,
    "top10AvgFitness": 603617.8578639999,
    "top25AvgFitness": 556266.077424,
    "time": 712.61
}