{
    "bestAvgScore": 98.0,
    "avgScore": 72.32965931863727,
    "bestAvgFitness": 398.2459247376238,
    "avgFitness": 179.84303139555948,
    "top10AvgFitness": 321.8253638478855,
    "top25AvgFitness": 295.4227263947658,
    "time": 400.4
}