{
    "bestAvgScore": 101.0,
    "avgScore": 78.27655310621242,
    "bestAvgFitness": 413.40025831877307,
    "avgFitness": 208.29026118940962,
    "top10AvgFitness": 362.87991797375673,
    "top25AvgFitness": 329.1620156172082,
    "time": 432.42
}