{
    "bestAvgScore": 98.75,
    "avgScore": 72.5935,
    "bestAvgFitness": 380.18868797102505,
    "avgFitness": 163.2298553722449,
    "top10AvgFitness": 295.3314135327445,
    "top25AvgFitness": 267.2588749605909,
    "time": 757.77
}