{
    "bestAvgScore": 104.25,
    "avgScore": 79.26803607214428,
    "bestAvgFitness": 451.84776950616384,
    "avgFitness": 215.59116218787423,
    "top10AvgFitness": 373.0134325302322,
    "top25AvgFitness": 340.55110581285606,
    "time": 427.38
}