{
    "bestAvgScore": 44.6,
    "avgScore": 19.084600000000002,
    "bestAvgFitness": 110036.63500000001,
    "avgFitness": 22743.0213716,
    "top10AvgFitness": 70669.763014,
    "top25AvgFitness": 59348.5719032,
    "time": 332.41
}