{
    "bestAvgScore": 106.0,
    "avgScore": 78.84475,
    "bestAvgFitness": 517.4776322549213,
    "avgFitness": 218.3380685564144,
    "top10AvgFitness": 394.09224829576493,
    "top25AvgFitness": 358.8260247981702,
    "time": 839.46
}