{
    "bestAvgScore": 0.75,
    "avgScore": 0.025050100200400802,
    "bestAvgFitness": 1.006,
    "avgFitness": 0.10176052104208418,
    "top10AvgFitness": 1.0007599999999999,
    "top25AvgFitness": 0.8190080645161291,
    "time": 1.22
}