{
    "bestAvgScore": 63.2,
    "avgScore": 41.874199999999995,
    "bestAvgFitness": 430676.321,
    "avgFitness": 205498.05357920003,
    "top10AvgFitness": 361874.07194999995,
    "top25AvgFitness": 342583.39041040005,
    "time": 623.27
}