{
    "bestAvgScore": 17.75,
    "avgScore": 4.46375,
    "bestAvgFitness": 20002.527749999997,
    "avgFitness": 467.683274,
    "top10AvgFitness": 5499.810414999999,
    "top25AvgFitness": 2850.009612,
    "time": 64.03
}