{
    "bestAvgScore": 102.5,
    "avgScore": 78.507,
    "bestAvgFitness": 419.7788277742186,
    "avgFitness": 210.2858299234665,
    "top10AvgFitness": 365.88538312054754,
    "top25AvgFitness": 336.98660054609104,
    "time": 818.25
}