{
    "bestAvgScore": 103.25,
    "avgScore": 76.6435,
    "bestAvgFitness": 438.1646363366337,
    "avgFitness": 196.43414678192775,
    "top10AvgFitness": 372.9430308937203,
    "top25AvgFitness": 332.7556988143085,
    "time": 802.87
}