{
    "bestAvgScore": 99.75,
    "avgScore": 79.29809619238478,
    "bestAvgFitness": 437.9787753093419,
    "avgFitness": 217.6710610595072,
    "top10AvgFitness": 362.32657037003764,
    "top25AvgFitness": 336.82005211199976,
    "time": 449.92
}