{
    "bestAvgScore": 106.0,
    "avgScore": 79.245,
    "bestAvgFitness": 509.4333647353961,
    "avgFitness": 215.59856524215203,
    "top10AvgFitness": 378.9191938712876,
    "top25AvgFitness": 348.3175101886612,
    "time": 836.02
}