{
    "bestAvgScore": 52.25,
    "avgScore": 39.01475,
    "bestAvgFitness": 36.846776833910894,
    "avgFitness": 17.852636544414487,
    "top10AvgFitness": 32.08172483907882,
    "top25AvgFitness": 29.56849957002961,
    "time": 621.38
}