{
    "bestAvgScore": 71.0,
    "avgScore": 45.1902,
    "bestAvgFitness": 872424.2566,
    "avgFitness": 360295.5424726,
    "top10AvgFitness": 702595.758378,
    "top25AvgFitness": 652501.2041512,
    "time": 744.33
}