{
    "bestAvgScore": 3.5,
    "avgScore": 0.2115,
    "bestAvgFitness": 46.44275,
    "avgFitness": 1.013255,
    "top10AvgFitness": 5.324999999999999,
    "top25AvgFitness": 2.8001820000000004,
    "time": 10.37
}