{
    "bestAvgScore": 97.0,
    "avgScore": 63.64929859719439,
    "bestAvgFitness": 373.6330902227723,
    "avgFitness": 110.30534937738668,
    "top10AvgFitness": 258.41329089088333,
    "top25AvgFitness": 215.03962307266107,
    "time": 339.97
}