{
    "bestAvgScore": 6.25,
    "avgScore": 0.6765,
    "bestAvgFitness": 642.66175,
    "avgFitness": 5.160877499999999,
    "top10AvgFitness": 76.72996,
    "top25AvgFitness": 34.56959799999999,
    "time": 19.43
}