{
    "bestAvgScore": 13.8,
    "avgScore": 2.3617,
    "bestAvgFitness": 9961.477799999999,
    "avgFitness": 106.3084098,
    "top10AvgFitness": 1499.934774,
    "top25AvgFitness": 739.4517696,
    "time": 91.13
}