{
    "bestAvgScore": 105.0,
    "avgScore": 82.3705,
    "bestAvgFitness": 482.09549438415837,
    "avgFitness": 235.2692255404329,
    "top10AvgFitness": 406.6068290642594,
    "top25AvgFitness": 372.68643591658457,
    "time": 857.36
}