{
    "bestAvgScore": 106.25,
    "avgScore": 80.72025,
    "bestAvgFitness": 531.4328371163366,
    "avgFitness": 230.0588664038948,
    "top10AvgFitness": 409.18353679622015,
    "top25AvgFitness": 374.36542685825543,
    "time": 838.04
}