{
    "bestAvgScore": 52.25,
    "avgScore": 39.25125,
    "bestAvgFitness": 36.64267262892157,
    "avgFitness": 16.59706443551594,
    "top10AvgFitness": 30.547898879068335,
    "top25AvgFitness": 28.175490362882698,
    "time": 585.18
}