{
    "bestAvgScore": 54.6,
    "avgScore": 34.956399999999995,
    "bestAvgFitness": 236735.8602,
    "avgFitness": 110805.06904219999,
    "top10AvgFitness": 208158.08584999997,
    "top25AvgFitness": 196974.6749192,
    "time": 528.76
}