{
    "bestAvgScore": 68.4,
    "avgScore": 43.908699999999996,
    "bestAvgFitness": 711771.7114,
    "avgFitness": 283491.70317289996,
    "top10AvgFitness": 533064.2334939998,
    "top25AvgFitness": 495641.6373056,
    "time": 694.71
}