{
    "bestAvgScore": 52.75,
    "avgScore": 37.846,
    "bestAvgFitness": 25.49465056857892,
    "avgFitness": 9.302225587208337,
    "top10AvgFitness": 18.28519019127249,
    "top25AvgFitness": 16.553036429871664,
    "time": 358.25
}