{
    "bestAvgScore": 25.6,
    "avgScore": 8.4048,
    "bestAvgFitness": 31206.399800000003,
    "avgFitness": 1938.3165582,
    "top10AvgFitness": 10914.959516000003,
    "top25AvgFitness": 7827.1418344,
    "time": 169.2
}