{
    "bestAvgScore": 107.5,
    "avgScore": 83.07314629258516,
    "bestAvgFitness": 532.7603059755387,
    "avgFitness": 249.16894409558904,
    "top10AvgFitness": 442.3913367397797,
    "top25AvgFitness": 401.3257969539511,
    "time": 453.3
}