{
    "bestAvgScore": 99.0,
    "avgScore": 73.39579158316633,
    "bestAvgFitness": 377.20193750980394,
    "avgFitness": 165.79039432815048,
    "top10AvgFitness": 300.90800619416854,
    "top25AvgFitness": 272.4000237980837,
    "time": 374.2
}