{
    "bestAvgScore": 8.75,
    "avgScore": 0.056,
    "bestAvgFitness": 1.96025,
    "avgFitness": 0.11066,
    "top10AvgFitness": 1.025675,
    "top25AvgFitness": 0.88128,
    "time": 4.96
}