{
    "bestAvgScore": 50.6,
    "avgScore": 29.668799999999997,
    "bestAvgFitness": 176716.943,
    "avgFitness": 61648.376637400004,
    "top10AvgFitness": 131912.63870799998,
    "top25AvgFitness": 118268.90587039999,
    "time": 446.48
}