{
    "bestAvgScore": 14.75,
    "avgScore": 3.718,
    "bestAvgFitness": 16872.9765,
    "avgFitness": 284.81319225,
    "top10AvgFitness": 2909.5159249999997,
    "top25AvgFitness": 1681.917028,
    "time": 57.11
}