{
    "bestAvgScore": 106.25,
    "avgScore": 81.50775,
    "bestAvgFitness": 518.3419870960396,
    "avgFitness": 226.72824782057643,
    "top10AvgFitness": 399.391969872365,
    "top25AvgFitness": 365.1673043735121,
    "time": 848.66
}