{
    "bestAvgScore": 106.25,
    "avgScore": 80.00601202404809,
    "bestAvgFitness": 510.4337102088332,
    "avgFitness": 231.31134456941484,
    "top10AvgFitness": 424.25389163562085,
    "top25AvgFitness": 382.6770658716399,
    "time": 434.28
}