{
    "bestAvgScore": 60.6,
    "avgScore": 39.0584,
    "bestAvgFitness": 398035.5372,
    "avgFitness": 159449.6544633,
    "top10AvgFitness": 296352.9458820001,
    "top25AvgFitness": 274904.7434568,
    "time": 580.23
}