{
    "bestAvgScore": 77.2,
    "avgScore": 45.4423,
    "bestAvgFitness": 1303994.5304,
    "avgFitness": 434028.49229809997,
    "top10AvgFitness": 861457.9686360001,
    "top25AvgFitness": 798163.845004,
    "time": 770.4
}