{
    "bestAvgScore": 19.6,
    "avgScore": 5.218199999999999,
    "bestAvgFitness": 20082.389799999997,
    "avgFitness": 861.5933158,
    "top10AvgFitness": 7744.79034,
    "top25AvgFitness": 4874.4773256,
    "time": 135.76
}