{
    "bestAvgScore": 52.75,
    "avgScore": 39.52025,
    "bestAvgFitness": 33.672283087128704,
    "avgFitness": 15.877848215149815,
    "top10AvgFitness": 29.486750521201223,
    "top25AvgFitness": 26.78815122165751,
    "time": 549.67
}