{
    "bestAvgScore": 52.75,
    "avgScore": 40.239,
    "bestAvgFitness": 38.99357217870316,
    "avgFitness": 18.677608433158355,
    "top10AvgFitness": 32.74147618133062,
    "top25AvgFitness": 30.461630400178823,
    "time": 637.31
}