{
    "bestAvgScore": 108.25,
    "avgScore": 81.47225,
    "bestAvgFitness": 575.628625615298,
    "avgFitness": 229.07205293078476,
    "top10AvgFitness": 395.7984532638135,
    "top25AvgFitness": 364.0727062873192,
    "time": 843.51
}