{
    "bestAvgScore": 38.2,
    "avgScore": 13.015799999999999,
    "bestAvgFitness": 65959.63940000001,
    "avgFitness": 6130.3379068,
    "top10AvgFitness": 32046.217385999997,
    "top25AvgFitness": 21641.3429936,
    "time": 226.79
}