{
    "bestAvgScore": 6.75,
    "avgScore": 0.0918945963975984,
    "bestAvgFitness": 853.30625,
    "avgFitness": 1.3857441627751836,
    "top10AvgFitness": 13.629783333333334,
    "top25AvgFitness": 6.077350267379679,
    "time": 18.1
}