{
    "bestAvgScore": 29.0,
    "avgScore": 8.791599999999999,
    "bestAvgFitness": 37701.020399999994,
    "avgFitness": 2218.5553762,
    "top10AvgFitness": 12700.296492000001,
    "top25AvgFitness": 8761.2283792,
    "time": 174.96
}