{
    "bestAvgScore": 12.25,
    "avgScore": 2.704,
    "bestAvgFitness": 4787.96675,
    "avgFitness": 107.68756925,
    "top10AvgFitness": 1288.1182250000002,
    "top25AvgFitness": 678.3597300000001,
    "time": 43.67
}