{
    "bestAvgScore": 103.5,
    "avgScore": 74.67034068136273,
    "bestAvgFitness": 475.7318683660891,
    "avgFitness": 176.38859912440404,
    "top10AvgFitness": 340.41734586682514,
    "top25AvgFitness": 303.5239093835703,
    "time": 385.49
}