{
    "bestAvgScore": 94.0,
    "avgScore": 61.60225,
    "bestAvgFitness": 324.60410950495054,
    "avgFitness": 95.50644617477525,
    "top10AvgFitness": 222.33322476345086,
    "top25AvgFitness": 192.50173456675313,
    "time": 590.87
}