{
    "bestAvgScore": 33.2,
    "avgScore": 11.3644,
    "bestAvgFitness": 50779.037599999996,
    "avgFitness": 4067.3430085,
    "top10AvgFitness": 18842.24265,
    "top25AvgFitness": 13750.25282,
    "time": 199.91
}