{
    "bestAvgScore": 102.5,
    "avgScore": 78.67134268537075,
    "bestAvgFitness": 495.0154199331683,
    "avgFitness": 220.7474010689684,
    "top10AvgFitness": 401.8582875243649,
    "top25AvgFitness": 365.6376525851711,
    "time": 424.71
}