{
    "bestAvgScore": 51.75,
    "avgScore": 39.72225,
    "bestAvgFitness": 31.150298582178216,
    "avgFitness": 13.421885837937014,
    "top10AvgFitness": 25.69828957815685,
    "top25AvgFitness": 23.468195890978727,
    "time": 471.14
}