{
    "bestAvgScore": 9.0,
    "avgScore": 2.192,
    "bestAvgFitness": 1195.9424999999999,
    "avgFitness": 40.71627875,
    "top10AvgFitness": 433.282855,
    "top25AvgFitness": 250.22969999999998,
    "time": 39.67
}