{
    "bestAvgScore": 107.5,
    "avgScore": 82.82364729458918,
    "bestAvgFitness": 553.9959778470588,
    "avgFitness": 249.49469284195396,
    "top10AvgFitness": 422.1206079777818,
    "top25AvgFitness": 386.91346151676834,
    "time": 450.73
}