{
    "bestAvgScore": 20.5,
    "avgScore": 4.40025,
    "bestAvgFitness": 47184.94525,
    "avgFitness": 529.86518825,
    "top10AvgFitness": 5506.190994999999,
    "top25AvgFitness": 3095.245672,
    "time": 66.43
}