{
    "bestAvgScore": 105.5,
    "avgScore": 74.49625,
    "bestAvgFitness": 459.87171487846535,
    "avgFitness": 171.2299975631063,
    "top10AvgFitness": 305.28405032548943,
    "top25AvgFitness": 278.8093923927547,
    "time": 771.36
}