{
    "bestAvgScore": 102.5,
    "avgScore": 78.20140280561122,
    "bestAvgFitness": 424.2858393382353,
    "avgFitness": 207.68667046764168,
    "top10AvgFitness": 356.9557509532644,
    "top25AvgFitness": 326.8699152558182,
    "time": 426.52
}