{
    "bestAvgScore": 72.4,
    "avgScore": 44.8521,
    "bestAvgFitness": 871128.0921999998,
    "avgFitness": 340732.9148012,
    "top10AvgFitness": 680985.049384,
    "top25AvgFitness": 625572.8807999999,
    "time": 721.48
}