{
    "bestAvgScore": 95.75,
    "avgScore": 69.1998997995992,
    "bestAvgFitness": 358.09014576361386,
    "avgFitness": 166.3066215584241,
    "top10AvgFitness": 306.4658011042864,
    "top25AvgFitness": 281.2999419767894,
    "time": 388.97
}