{
    "bestAvgScore": 58.4,
    "avgScore": 38.899699999999996,
    "bestAvgFitness": 318432.59059999994,
    "avgFitness": 154129.6114974,
    "top10AvgFitness": 274939.040988,
    "top25AvgFitness": 260444.058,
    "time": 582.84
}