{
    "bestAvgScore": 53.2,
    "avgScore": 32.3942,
    "bestAvgFitness": 233953.57259999998,
    "avgFitness": 84008.79024070001,
    "top10AvgFitness": 175773.32042799995,
    "top25AvgFitness": 160660.99748720002,
    "time": 489.5
}