{
    "bestAvgScore": 84.8,
    "avgScore": 44.8435,
    "bestAvgFitness": 1937498.4334,
    "avgFitness": 628969.6659563999,
    "top10AvgFitness": 1379612.1000299999,
    "top25AvgFitness": 1256894.2638504,
    "time": 855.82
}