{
    "bestAvgScore": 105.5,
    "avgScore": 80.917,
    "bestAvgFitness": 482.55886014215685,
    "avgFitness": 222.94425511105848,
    "top10AvgFitness": 389.6750801670449,
    "top25AvgFitness": 360.2257244887512,
    "time": 842.06
}