{
    "bestAvgScore": 103.5,
    "avgScore": 80.64525,
    "bestAvgFitness": 449.3346756695545,
    "avgFitness": 221.03234640301713,
    "top10AvgFitness": 393.050451731738,
    "top25AvgFitness": 357.0771806403125,
    "time": 844.87
}