{
    "bestAvgScore": 48.6,
    "avgScore": 26.5248,
    "bestAvgFitness": 152365.9996,
    "avgFitness": 48864.2366179,
    "top10AvgFitness": 114740.54345400001,
    "top25AvgFitness": 104910.0375736,
    "time": 416.26
}