{
    "bestAvgScore": 66.2,
    "avgScore": 42.4084,
    "bestAvgFitness": 558775.1844,
    "avgFitness": 245382.69152219998,
    "top10AvgFitness": 469901.6188000001,
    "top25AvgFitness": 435397.077096,
    "time": 655.54
}