{
    "bestAvgScore": 64.4,
    "avgScore": 41.091699999999996,
    "bestAvgFitness": 477412.01780000003,
    "avgFitness": 216411.7962622,
    "top10AvgFitness": 397012.655804,
    "top25AvgFitness": 373378.0636584,
    "time": 637.53
}