{
    "bestAvgScore": 66.8,
    "avgScore": 43.6008,
    "bestAvgFitness": 621551.1873999999,
    "avgFitness": 265877.2447485,
    "top10AvgFitness": 499584.605372,
    "top25AvgFitness": 467457.5924216001,
    "time": 673.57
}