{
    "bestAvgScore": 108.5,
    "avgScore": 82.33016032064128,
    "bestAvgFitness": 576.9833108088235,
    "avgFitness": 246.01879751277133,
    "top10AvgFitness": 440.4675912229818,
    "top25AvgFitness": 397.966852674041,
    "time": 460.81
}