{
    "bestAvgScore": 102.5,
    "avgScore": 77.79509018036072,
    "bestAvgFitness": 455.0475136611386,
    "avgFitness": 218.88078802735726,
    "top10AvgFitness": 389.40855743578317,
    "top25AvgFitness": 353.8331842122311,
    "time": 428.38
}