{
    "bestAvgScore": 59.2,
    "avgScore": 38.7697,
    "bestAvgFitness": 351380.452,
    "avgFitness": 156119.92340429997,
    "top10AvgFitness": 281137.468894,
    "top25AvgFitness": 266457.9284336,
    "time": 573.63
}