{
    "bestAvgScore": 106.75,
    "avgScore": 81.62675,
    "bestAvgFitness": 509.90873685643567,
    "avgFitness": 231.2080975953689,
    "top10AvgFitness": 406.3524344520039,
    "top25AvgFitness": 371.0008658493861,
    "time": 847.44
}