{
    "bestAvgScore": 11.8,
    "avgScore": 2.0489,
    "bestAvgFitness": 7306.9256,
    "avgFitness": 64.8499784,
    "top10AvgFitness": 875.121692,
    "top25AvgFitness": 442.00453120000003,
    "time": 84.8
}