{
    "bestAvgScore": 52.5,
    "avgScore": 39.49525,
    "bestAvgFitness": 38.809760132498546,
    "avgFitness": 18.006635763010056,
    "top10AvgFitness": 32.233259413398564,
    "top25AvgFitness": 29.998484699348282,
    "time": 618.01
}