{
    "bestAvgScore": 47.0,
    "avgScore": 24.0797,
    "bestAvgFitness": 135516.89539999998,
    "avgFitness": 39127.576127399996,
    "top10AvgFitness": 106283.93585199997,
    "top25AvgFitness": 94451.8849984,
    "time": 392.57
}