{
    "bestAvgScore": 53.0,
    "avgScore": 37.13225,
    "bestAvgFitness": 24.659720555596,
    "avgFitness": 8.46744069214753,
    "top10AvgFitness": 17.384218201292825,
    "top25AvgFitness": 15.51628278421239,
    "time": 338.34
}