{
    "bestAvgScore": 1.25,
    "avgScore": 0.04869913275517011,
    "bestAvgFitness": 2.27575,
    "avgFitness": 0.13123382254836558,
    "top10AvgFitness": 1.0462766666666665,
    "top25AvgFitness": 0.9537526737967915,
    "time": 8.54
}