{
    "bestAvgScore": 5.0,
    "avgScore": 0.419,
    "bestAvgFitness": 431.60525,
    "avgFitness": 2.257442,
    "top10AvgFitness": 28.03738,
    "top25AvgFitness": 12.493446,
    "time": 14.83
}