{
    "bestAvgScore": 53.5,
    "avgScore": 39.17425,
    "bestAvgFitness": 37.97531443069307,
    "avgFitness": 16.581234866362237,
    "top10AvgFitness": 30.344256395190737,
    "top25AvgFitness": 27.558312237468265,
    "time": 570.68
}