{
    "bestAvgScore": 70.8,
    "avgScore": 44.394,
    "bestAvgFitness": 840583.3585999999,
    "avgFitness": 304416.493348,
    "top10AvgFitness": 607188.8081060001,
    "top25AvgFitness": 552460.9454936,
    "time": 703.36
}