{
    "bestAvgScore": 108.5,
    "avgScore": 83.11773547094188,
    "bestAvgFitness": 572.8394341851484,
    "avgFitness": 253.93689571120655,
    "top10AvgFitness": 437.5362299340353,
    "top25AvgFitness": 402.26436809561545,
    "time": 451.45
}