{
    "bestAvgScore": 52.5,
    "avgScore": 39.657,
    "bestAvgFitness": 36.21255325737721,
    "avgFitness": 18.175553060885715,
    "top10AvgFitness": 32.05352938327722,
    "top25AvgFitness": 30.06653530438337,
    "time": 621.33
}