{
    "bestAvgScore": 84.75,
    "avgScore": 70.58333333333333,
    "bestAvgFitness": 176.11234729785477,
    "avgFitness": 108.41555311872328,
    "top10AvgFitness": 170.24003057962045,
    "top25AvgFitness": 163.04899814640652,
    "time": 29.7
}