{
    "bestAvgScore": 2.0,
    "avgScore": 0.134,
    "bestAvgFitness": 22.136,
    "avgFitness": 0.8442217499999999,
    "top10AvgFitness": 2.099915,
    "top25AvgFitness": 1.4523060000000003,
    "time": 9.13
}