{
    "bestAvgScore": 63.6,
    "avgScore": 41.376599999999996,
    "bestAvgFitness": 486112.24199999997,
    "avgFitness": 210096.13823659997,
    "top10AvgFitness": 381518.91956,
    "top25AvgFitness": 358568.8405624,
    "time": 625.56
}