{
    "bestAvgScore": 57.4,
    "avgScore": 38.4558,
    "bestAvgFitness": 300872.7222,
    "avgFitness": 136139.13579439998,
    "top10AvgFitness": 246522.19898,
    "top25AvgFitness": 229436.43686079996,
    "time": 561.78
}