{
    "bestAvgScore": 102.0,
    "avgScore": 76.89779559118236,
    "bestAvgFitness": 426.26972027227725,
    "avgFitness": 213.3924924528623,
    "top10AvgFitness": 382.79316638570276,
    "top25AvgFitness": 353.9673200335632,
    "time": 425.23
}