{
    "bestAvgScore": 104.0,
    "avgScore": 78.12025,
    "bestAvgFitness": 451.4696797380169,
    "avgFitness": 210.03898604114988,
    "top10AvgFitness": 385.40429159887566,
    "top25AvgFitness": 351.10881608268096,
    "time": 813.4
}