{
    "bestAvgScore": 106.25,
    "avgScore": 81.12725,
    "bestAvgFitness": 530.4951273514852,
    "avgFitness": 230.70953836930227,
    "top10AvgFitness": 412.1884111607618,
    "top25AvgFitness": 373.4401713497581,
    "time": 839.88
}