{
    "bestAvgScore": 105.0,
    "avgScore": 79.59218436873748,
    "bestAvgFitness": 476.76088459158416,
    "avgFitness": 225.7745419402476,
    "top10AvgFitness": 393.7156407807012,
    "top25AvgFitness": 361.18220600806416,
    "time": 422.01
}