{
    "bestAvgScore": 52.25,
    "avgScore": 38.01075,
    "bestAvgFitness": 29.753332740729956,
    "avgFitness": 10.786899744047046,
    "top10AvgFitness": 21.98873344484489,
    "top25AvgFitness": 19.764048334829692,
    "time": 406.67
}