{
    "bestAvgScore": 104.0,
    "avgScore": 79.54759519038076,
    "bestAvgFitness": 442.22290147277226,
    "avgFitness": 225.7309247020097,
    "top10AvgFitness": 387.105585345178,
    "top25AvgFitness": 356.1560436452407,
    "time": 436.38
}