{
    "bestAvgScore": 51.75,
    "avgScore": 39.32925,
    "bestAvgFitness": 37.24626758576976,
    "avgFitness": 17.738854738431392,
    "top10AvgFitness": 31.94661649899243,
    "top25AvgFitness": 29.618531352488407,
    "time": 624.07
}