{
    "highScore": 198.0,
    "scores": [
        198.0,
        197.0,
        189.0,
        164.0,
        163.0,
        156.0,
        148.0,
        137.0,
        129.0,
        122.0,
        121.0,
        101.0,
        99.0,
        95.0,
        90.0,
        86.0,
        81.0,
        80.0,
        79.0,
        79.0,
        76.0,
        76.0,
        76.0,
        76.0,
        75.0,
        75.0,
        75.0,
        73.0,
        73.0,
        73.0,
        72.0,
        72.0,
        72.0,
        71.0,
        71.0,
        71.0,
        71.0,
        70.0,
        69.0,
        69.0,
        68.0,
        68.0,
        68.0,
        68.0,
        68.0,
        68.0,
        67.0,
        66.0,
        66.0,
        65.0,
        65.0,
        65.0,
        64.0,
        64.0,
        63.0,
        62.0,
        62.0,
        62.0,
        62.0,
        60.0,
        60.0,
        60.0,
        58.0,
        57.0,
        57.0,
        57.0,
        54.0,
        53.0,
        52.0,
        52.0,
        51.0,
        47.0,
        44.0,
        41.0,
        39.0,
        38.0,
        38.0,
        30.0,
        29.0,
        29.0,
        25.0,
        23.0,
        23.0,
        23.0,
        22.0,
        21.0,
        20.0,
        18.0,
        17.0,
        12.0,
        10.0,
        10.0,
        9.0,
        7.0,
        5.0,
        5.0,
        5.0,
        4.0,
        3.0
    ],
    "fitnesses": [
        1.002138876326365,
        1.001550381842895,
        1.0011370769665051,
        1.0010322106092815,
        1.00099102896649,
        1.0007751373929648,
        1.0005163484274466,
        1.000483429476825,
        1.0004516804849104,
        1.0004466801335872,
        1.000433745938963,
        1.0004328246967198,
        1.0003538314598408,
        1.0003472830349571,
        1.0003241900871405,
        1.0003062725537202,
        1.0002832500887229,
        1.0002636938710043,
        1.0002134912900191,
        1.0002106517576688,
        1.0001997491337222,
        1.0001816198265958,
        1.0001015863807294,
        1.0000991945234758,
        1.0000553363988087,
        1.0000383625361493,
        1.0000381595543681,
        1.0000363810230688,
        1.0000251004016063,
        1.0000145942790426,
        1.0000104151963363,
        1.0000084731459065,
        0.6678126971235722,
        0.6674922309966185,
        0.6671128724770811,
        0.6670927116315712,
        0.666896148850272,
        0.6668706502688856,
        0.6668105416856821,
        0.6667749064171122,
        0.6667328784744734,
        0.334330281761774,
        0.33419095477386934,
        0.3341208175836483,
        0.33398807698858796,
        0.33367406697545654,
        0.3336424467558197,
        0.333610836188301,
        0.33356216805120525,
        0.33338652678078406,
        0.33334188911704316,
        0.0,
        0.0,
        0.0,
        0.0,
        0.0,
        0.0,
        0.0,
        0.0,
        0.0,
        0.0,
        0.0,
        0.0,
        0.0,
        0.0,
        0.0,
        0.0,
        0.0,
        0.0,
        0.0,
        0.0,
        0.0,
        0.0,
        0.0,
        0.0,
        0.0,
        0.0,
        0.0,
        0.0,
        0.0,
        0.0,
        0.0,
        0.0,
        0.0,
        0.0,
        0.0,
        0.0,
        0.0,
        0.0,
        0.0,
        0.0,
        0.0,
        0.0,
        0.0,
        0.0,
        0.0,
        0.0,
        0.0,
        0.0
    ],
    "time": 1175.31
}