{
    "bestAvgScore": 100.0,
    "avgScore": 72.70490981963928,
    "bestAvgFitness": 467.1326700990099,
    "avgFitness": 186.11497116928626,
    "top10AvgFitness": 332.3885513809312,
    "top25AvgFitness": 305.90274037895426,
    "time": 418.64
}