{
    "bestAvgScore": 57.0,
    "avgScore": 38.0402,
    "bestAvgFitness": 304900.3136,
    "avgFitness": 136971.1494367,
    "top10AvgFitness": 251430.69479799992,
    "top25AvgFitness": 235115.9231544,
    "time": 549.48
}