{
    "bestAvgScore": 105.5,
    "avgScore": 80.8955,
    "bestAvgFitness": 496.5557109576732,
    "avgFitness": 222.32588882562086,
    "top10AvgFitness": 387.57778768210244,
    "top25AvgFitness": 356.56378600773235,
    "time": 853.02
}