{
    "bestAvgScore": 83.0,
    "avgScore": 46.765,
    "bestAvgFitness": 1744581.2711999998,
    "avgFitness": 669512.9058823,
    "top10AvgFitness": 1440990.0391,
    "top25AvgFitness": 1310310.6576296,
    "time": 884.38
}