{
    "bestAvgScore": 53.0,
    "avgScore": 39.82075,
    "bestAvgFitness": 38.85550989055523,
    "avgFitness": 17.73544895338963,
    "top10AvgFitness": 32.25043044184469,
    "top25AvgFitness": 29.842517590197602,
    "time": 628.46
}