{
    "bestAvgScore": 52.25,
    "avgScore": 39.352,
    "bestAvgFitness": 36.85333359678218,
    "avgFitness": 16.48318858442635,
    "top10AvgFitness": 30.59537138820669,
    "top25AvgFitness": 28.189523193120934,
    "time": 574.83
}