{
    "bestAvgScore": 101.75,
    "avgScore": 80.23496993987976,
    "bestAvgFitness": 417.633232444307,
    "avgFitness": 219.87523522762655,
    "top10AvgFitness": 358.82292185644,
    "top25AvgFitness": 334.5012369969407,
    "time": 452.79
}