{
    "bestAvgScore": 27.2,
    "avgScore": 7.3101,
    "bestAvgFitness": 20775.4522,
    "avgFitness": 1533.0468385,
    "top10AvgFitness": 10409.873538,
    "top25AvgFitness": 6981.7836959999995,
    "time": 158.44
}