{
    "bestAvgScore": 97.25,
    "avgScore": 72.38975,
    "bestAvgFitness": 378.317207029703,
    "avgFitness": 163.52682897146136,
    "top10AvgFitness": 291.59502566834834,
    "top25AvgFitness": 266.45556319279626,
    "time": 742.26
}