{
    "bestAvgScore": 96.25,
    "avgScore": 64.791,
    "bestAvgFitness": 346.86248208638614,
    "avgFitness": 122.46874228934355,
    "top10AvgFitness": 246.646412265727,
    "top25AvgFitness": 220.26435425793898,
    "time": 704.96
}