{
    "bestAvgScore": 97.0,
    "avgScore": 69.92835671342685,
    "bestAvgFitness": 376.040022519899,
    "avgFitness": 171.68144593425941,
    "top10AvgFitness": 313.9984399245067,
    "top25AvgFitness": 288.3247879238531,
    "time": 391.18
}