{
    "bestAvgScore": 100.25,
    "avgScore": 71.625,
    "bestAvgFitness": 387.9442887871287,
    "avgFitness": 160.83492298020641,
    "top10AvgFitness": 292.3115575649574,
    "top25AvgFitness": 265.04989256031325,
    "time": 736.31
}