{
    "bestAvgScore": 12.0,
    "avgScore": 1.1454302868579054,
    "bestAvgFitness": 2531.6479999999997,
    "avgFitness": 18.609433955970644,
    "top10AvgFitness": 289.91224,
    "top25AvgFitness": 134.68321524064172,
    "time": 47.29
}