{
    "bestAvgScore": 61.6,
    "avgScore": 41.801199999999994,
    "bestAvgFitness": 421324.5158,
    "avgFitness": 206800.9143966,
    "top10AvgFitness": 363123.523344,
    "top25AvgFitness": 345019.7467272,
    "time": 629.84
}