{
    "bestAvgScore": 4.75,
    "avgScore": 0.1665,
    "bestAvgFitness": 126.21275,
    "avgFitness": 1.0527095,
    "top10AvgFitness": 6.180625,
    "top25AvgFitness": 3.0899880000000004,
    "time": 10.34
}