{
    "bestAvgScore": 6.5,
    "avgScore": 0.62025,
    "bestAvgFitness": 1129.29,
    "avgFitness": 6.235254249999999,
    "top10AvgFitness": 99.861985,
    "top25AvgFitness": 43.607644,
    "time": 22.92
}