{
    "bestAvgScore": 103.25,
    "avgScore": 77.85625,
    "bestAvgFitness": 442.15579641361387,
    "avgFitness": 205.589019358372,
    "top10AvgFitness": 373.33831262026047,
    "top25AvgFitness": 340.74768971482195,
    "time": 812.25
}