{
    "bestAvgScore": 104.5,
    "avgScore": 81.72875,
    "bestAvgFitness": 482.9367685423267,
    "avgFitness": 226.37487724328025,
    "top10AvgFitness": 395.82946356241047,
    "top25AvgFitness": 361.09426921269784,
    "time": 847.3
}