{
    "bestAvgScore": 105.0,
    "avgScore": 77.06025,
    "bestAvgFitness": 486.5250220578529,
    "avgFitness": 201.01853614580313,
    "top10AvgFitness": 376.764715751532,
    "top25AvgFitness": 339.52480512014324,
    "time": 820.21
}