{
    "bestAvgScore": 105.5,
    "avgScore": 80.31963927855712,
    "bestAvgFitness": 480.91407229421475,
    "avgFitness": 233.74268158632054,
    "top10AvgFitness": 405.8899793451004,
    "top25AvgFitness": 371.1186665014338,
    "time": 435.4
}