{
    "bestAvgScore": 106.0,
    "avgScore": 82.19889779559118,
    "bestAvgFitness": 520.7189565877985,
    "avgFitness": 241.95693274378704,
    "top10AvgFitness": 429.000729392813,
    "top25AvgFitness": 393.0550073463307,
    "time": 446.21
}