{
    "bestAvgScore": 69.2,
    "avgScore": 44.249300000000005,
    "bestAvgFitness": 734909.5398,
    "avgFitness": 296568.8148246,
    "top10AvgFitness": 571267.2885,
    "top25AvgFitness": 525044.0105416,
    "time": 693.88
}