{
    "bestAvgScore": 99.25,
    "avgScore": 75.15875,
    "bestAvgFitness": 387.446380519802,
    "avgFitness": 177.26672317503056,
    "top10AvgFitness": 320.7993348182987,
    "top25AvgFitness": 291.0102236371786,
    "time": 775.97
}