{
    "bestAvgScore": 67.4,
    "avgScore": 44.466,
    "bestAvgFitness": 649671.0874,
    "avgFitness": 290430.97605540004,
    "top10AvgFitness": 539286.595912,
    "top25AvgFitness": 503982.60118799994,
    "time": 701.12
}