{
    "bestAvgScore": 52.75,
    "avgScore": 37.25325,
    "bestAvgFitness": 25.168242010667832,
    "avgFitness": 8.779668293970124,
    "top10AvgFitness": 18.202496331403403,
    "top25AvgFitness": 16.023952938807977,
    "time": 339.76
}