{
    "bestAvgScore": 52.25,
    "avgScore": 40.015,
    "bestAvgFitness": 36.2987772240827,
    "avgFitness": 17.980647121145644,
    "top10AvgFitness": 32.24780256643205,
    "top25AvgFitness": 30.01012537232417,
    "time": 617.25
}