{
    "bestAvgScore": 12.5,
    "avgScore": 3.40725,
    "bestAvgFitness": 8085.80075,
    "avgFitness": 216.98686524999997,
    "top10AvgFitness": 2300.20728,
    "top25AvgFitness": 1320.6068160000002,
    "time": 54.27
}