{
    "bestAvgScore": 92.0,
    "avgScore": 53.69025,
    "bestAvgFitness": 269.8209221277422,
    "avgFitness": 52.865493861701005,
    "top10AvgFitness": 164.09632457833007,
    "top25AvgFitness": 136.25595141861476,
    "time": 475.68
}