{
    "bestAvgScore": 8.25,
    "avgScore": 0.0605,
    "bestAvgFitness": 2.566,
    "avgFitness": 0.19732275,
    "top10AvgFitness": 1.041955,
    "top25AvgFitness": 1.016782,
    "time": 5.48
}