{
    "bestAvgScore": 99.75,
    "avgScore": 79.71392785571142,
    "bestAvgFitness": 398.573550436323,
    "avgFitness": 215.9127656167816,
    "top10AvgFitness": 349.85064849074655,
    "top25AvgFitness": 328.38632331752547,
    "time": 428.35
}