{
    "bestAvgScore": 101.5,
    "avgScore": 78.2705,
    "bestAvgFitness": 436.24942899900987,
    "avgFitness": 203.2312269235004,
    "top10AvgFitness": 371.8598828649326,
    "top25AvgFitness": 339.29502127787475,
    "time": 825.62
}