{
    "bestAvgScore": 106.75,
    "avgScore": 78.79609218436873,
    "bestAvgFitness": 524.9885457920792,
    "avgFitness": 219.37839035987233,
    "top10AvgFitness": 384.7231200853863,
    "top25AvgFitness": 350.9357506393814,
    "time": 425.31
}