{
    "bestAvgScore": 9.75,
    "avgScore": 0.04675,
    "bestAvgFitness": 1.012,
    "avgFitness": 0.05871725,
    "top10AvgFitness": 0.9709700000000001,
    "top25AvgFitness": 0.469738,
    "time": 3.98
}