{
    "bestAvgScore": 52.25,
    "avgScore": 39.106,
    "bestAvgFitness": 37.077779664705886,
    "avgFitness": 17.889512740139754,
    "top10AvgFitness": 32.05167339897023,
    "top25AvgFitness": 29.746692841720687,
    "time": 623.67
}