{
    "bestAvgScore": 20.5,
    "avgScore": 4.44575,
    "bestAvgFitness": 27641.85575,
    "avgFitness": 505.90247949999997,
    "top10AvgFitness": 6431.72003,
    "top25AvgFitness": 3196.0990140000004,
    "time": 63.45
}