{
    "bestAvgScore": 105.0,
    "avgScore": 79.67284569138276,
    "bestAvgFitness": 484.54743462454866,
    "avgFitness": 216.4277714544063,
    "top10AvgFitness": 367.7622055393381,
    "top25AvgFitness": 340.80926096665604,
    "time": 420.84
}