{
    "bestAvgScore": 105.75,
    "avgScore": 78.58275,
    "bestAvgFitness": 495.7150374346535,
    "avgFitness": 210.9478290807186,
    "top10AvgFitness": 387.2950897285794,
    "top25AvgFitness": 351.066568624996,
    "time": 821.87
}