{
    "bestAvgScore": 107.0,
    "avgScore": 82.96092184368737,
    "bestAvgFitness": 525.6184622015143,
    "avgFitness": 249.92021327234372,
    "top10AvgFitness": 423.45672543214346,
    "top25AvgFitness": 388.6077087640116,
    "time": 453.56
}