{
    "bestAvgScore": 50.5,
    "avgScore": 14.74225,
    "bestAvgFitness": 13.709299204455446,
    "avgFitness": 2.111865112862156,
    "top10AvgFitness": 9.614009580662913,
    "top25AvgFitness": 7.4015680441478855,
    "time": 169.23
}