{
    "bestAvgScore": 50.0,
    "avgScore": 29.4885,
    "bestAvgFitness": 19.430916384925254,
    "avgFitness": 5.264779674682932,
    "top10AvgFitness": 13.457584549465707,
    "top25AvgFitness": 11.6177874729546,
    "time": 298.38
}