{
    "bestAvgScore": 4.0,
    "avgScore": 0.11457638425617078,
    "bestAvgFitness": 180.686,
    "avgFitness": 0.9731661107404938,
    "top10AvgFitness": 4.86473,
    "top25AvgFitness": 2.57527807486631,
    "time": 20.05
}