{
    "bestAvgScore": 106.75,
    "avgScore": 78.2505,
    "bestAvgFitness": 504.9658922512425,
    "avgFitness": 204.91260678497883,
    "top10AvgFitness": 369.3996738812073,
    "top25AvgFitness": 333.56949132873365,
    "time": 818.47
}