{
    "bestAvgScore": 106.75,
    "avgScore": 81.23025,
    "bestAvgFitness": 499.328738949767,
    "avgFitness": 223.23229193653216,
    "top10AvgFitness": 401.307244666673,
    "top25AvgFitness": 367.0665302789609,
    "time": 839.23
}