{
    "bestAvgScore": 107.0,
    "avgScore": 77.84375,
    "bestAvgFitness": 488.8098039992137,
    "avgFitness": 207.5464881343996,
    "top10AvgFitness": 375.7316209086159,
    "top25AvgFitness": 341.682278712463,
    "time": 818.99
}