{
    "highScore": 220.0,
    "scores": [
        220.0,
        219.0,
        218.0,
        217.0,
        203.0,
        183.0,
        182.0,
        176.0,
        168.0,
        166.0,
        160.0,
        158.0,
        151.0,
        143.0,
        140.0,
        128.0,
        119.0,
        109.0,
        98.0,
        97.0,
        96.0,
        88.0,
        85.0,
        84.0,
        84.0,
        83.0,
        81.0,
        78.0,
        74.0,
        74.0,
        74.0,
        73.0,
        73.0,
        73.0,
        72.0,
        70.0,
        69.0,
        69.0,
        68.0,
        67.0,
        65.0,
        64.0,
        64.0,
        63.0,
        62.0,
        62.0,
        62.0,
        62.0,
        61.0,
        61.0,
        60.0,
        60.0,
        60.0,
        59.0,
        59.0,
        58.0,
        57.0,
        56.0,
        54.0,
        54.0,
        54.0,
        52.0,
        51.0,
        51.0,
        51.0,
        45.0,
        39.0,
        39.0,
        37.0,
        36.0,
        33.0,
        30.0,
        30.0,
        29.0,
        28.0,
        28.0,
        27.0,
        26.0,
        26.0,
        25.0,
        25.0,
        25.0,
        24.0,
        24.0,
        24.0,
        23.0,
        22.0,
        21.0,
        21.0,
        20.0,
        20.0,
        17.0,
        17.0,
        12.0,
        8.0,
        8.0,
        8.0,
        6.0,
        4.0
    ],
    "fitnesses": [
        1.002160162346102,
        1.0020635414529686,
        1.0020129038016166,
        1.0019750493641917,
        1.001897095290065,
        1.0018926286353957,
        1.0018361665187812,
        1.0018178348238937,
        1.001807279730033,
        1.001590630247751,
        1.0014947936367242,
        1.0014844304271415,
        1.0014226034392781,
        1.001394718124567,
        1.0013438058764808,
        1.0012700909312604,
        1.0011695582048565,
        1.001156937575316,
        1.0010441736306628,
        1.0010330021662248,
        1.000937496138956,
        1.000873007216363,
        1.0008495957651817,
        1.0008423745918995,
        1.000815211653472,
        1.0007882396197874,
        1.0007516565328005,
        1.0007436838281019,
        1.000713479872956,
        1.0006816676552077,
        1.000645736412545,
        1.0006245956218376,
        1.0006014294673415,
        1.0005653077322918,
        1.0005498205736687,
        1.000516959693094,
        1.000496815208609,
        1.0004926131373633,
        1.0004849227186812,
        1.0004532660227816,
        1.0004387366733904,
        1.000427112214158,
        1.0004163382749,
        1.0003850809707107,
        1.0003791344774315,
        1.0003638426180306,
        1.0003610412803994,
        1.0003547998096303,
        1.000354432026618,
        1.0003477887928067,
        1.0003469023730613,
        1.0003386325336905,
        1.0003159420224295,
        1.0003124294963195,
        1.0003122561665962,
        1.0003069437739283,
        1.00025927971095,
        1.0002545640983114,
        1.0002429706788387,
        1.0002250527570855,
        1.0002177434032216,
        1.000208129719954,
        1.0002041065969982,
        1.0001987481036938,
        1.0001951880253894,
        1.0001872611679306,
        1.0001844172134415,
        1.0001661817765903,
        1.000159502481802,
        1.0001504390866063,
        1.0001446270767644,
        1.000142113343397,
        1.0001296170426708,
        1.0001088828366838,
        1.0001012980999944,
        1.000099853790087,
        1.000096160556492,
        1.0000655752071834,
        1.0000505164434117,
        1.0000378090168658,
        1.0000333855308488,
        1.0000291288471292,
        1.0000202990998828,
        0.6681197759479174,
        0.6679760145571002,
        0.6670546067474851,
        0.6669813525542744,
        0.666890378803313,
        0.6667197126865464,
        0.6666809523809524,
        0.3341204819277108,
        0.33334656084656084,
        0.0,
        0.0,
        0.0,
        0.0,
        0.0,
        0.0,
        0.0
    ],
    "time": 1086.97
}