{
    "highScore": 218.0,
    "scores": [
        218.0,
        191.0,
        178.0,
        166.0,
        147.0,
        146.0,
        140.0,
        133.0,
        124.0,
        117.0,
        105.0,
        100.0,
        88.0,
        83.0,
        80.0,
        80.0,
        79.0,
        78.0,
        78.0,
        77.0,
        76.0,
        76.0,
        75.0,
        74.0,
        74.0,
        74.0,
        72.0,
        72.0,
        72.0,
        72.0,
        72.0,
        72.0,
        72.0,
        71.0,
        70.0,
        70.0,
        70.0,
        70.0,
        70.0,
        69.0,
        69.0,
        69.0,
        69.0,
        69.0,
        69.0,
        68.0,
        68.0,
        68.0,
        68.0,
        67.0,
        67.0,
        67.0,
        67.0,
        67.0,
        67.0,
        67.0,
        66.0,
        66.0,
        66.0,
        66.0,
        64.0,
        64.0,
        64.0,
        64.0,
        64.0,
        63.0,
        63.0,
        62.0,
        61.0,
        61.0,
        60.0,
        60.0,
        60.0,
        60.0,
        60.0,
        59.0,
        58.0,
        57.0,
        54.0,
        53.0,
        52.0,
        47.0,
        43.0,
        42.0,
        39.0,
        39.0,
        35.0,
        33.0,
        28.0,
        27.0,
        27.0,
        24.0,
        23.0,
        21.0,
        21.0,
        21.0,
        11.0,
        2.0,
        2.0
    ],
    "fitnesses": [
        1.0013895935285424,
        1.0013829772256722,
        1.001100773822191,
        1.0002887255525608,
        1.0000827382441266,
        1.0000020898641588,
        0.667076554044848,
        0.33392938600492655,
        0.33354997510580037,
        0.0,
        0.0,
        0.0,
        0.0,
        0.0,
        0.0,
        0.0,
        0.0,
        0.0,
        0.0,
        0.0,
        0.0,
        0.0,
        0.0,
        0.0,
        0.0,
        0.0,
        0.0,
        0.0,
        0.0,
        0.0,
        0.0,
        0.0,
        0.0,
        0.0,
        0.0,
        0.0,
        0.0,
        0.0,
        0.0,
        0.0,
        0.0,
        0.0,
        0.0,
        0.0,
        0.0,
        0.0,
        0.0,
        0.0,
        0.0,
        0.0,
        0.0,
        0.0,
        0.0,
        0.0,
        0.0,
        0.0,
        0.0,
        0.0,
        0.0,
        0.0,
        0.0,
        0.0,
        0.0,
        0.0,
        0.0,
        0.0,
        0.0,
        0.0,
        0.0,
        0.0,
        0.0,
        0.0,
        0.0,
        0.0,
        0.0,
        0.0,
        0.0,
        0.0,
        0.0,
        0.0,
        0.0,
        0.0,
        0.0,
        0.0,
        0.0,
        0.0,
        0.0,
        0.0,
        0.0,
        0.0,
        0.0,
        0.0,
        0.0,
        0.0,
        0.0,
        0.0,
        0.0,
        0.0,
        0.0
    ],
    "time": 1515.62
}