{
    "bestAvgScore": 108.5,
    "avgScore": 81.59725,
    "bestAvgFitness": 569.5085382273151,
    "avgFitness": 228.11990096425856,
    "top10AvgFitness": 395.26434775056316,
    "top25AvgFitness": 360.55780347316613,
    "time": 847.21
}