{
    "bestAvgScore": 9.8,
    "avgScore": 1.3346000000000002,
    "bestAvgFitness": 2209.4892,
    "avgFitness": 19.588161899999996,
    "top10AvgFitness": 277.93809999999996,
    "top25AvgFitness": 134.11388239999997,
    "time": 71.09
}