{
    "bestAvgScore": 98.75,
    "avgScore": 71.26553106212425,
    "bestAvgFitness": 388.8291236606436,
    "avgFitness": 150.73683468968233,
    "top10AvgFitness": 295.0644134686596,
    "top25AvgFitness": 264.8478916570677,
    "time": 359.47
}