{
    "bestAvgScore": 55.4,
    "avgScore": 34.021800000000006,
    "bestAvgFitness": 251776.00639999998,
    "avgFitness": 102834.2182913,
    "top10AvgFitness": 204635.84744800004,
    "top25AvgFitness": 190260.5109296,
    "time": 515.38
}