{
    "bestAvgScore": 51.5,
    "avgScore": 38.9305,
    "bestAvgFitness": 35.39551443985149,
    "avgFitness": 17.155287343902337,
    "top10AvgFitness": 30.52502479147098,
    "top25AvgFitness": 28.405045787675622,
    "time": 610.35
}