{
    "bestAvgScore": 106.25,
    "avgScore": 79.04,
    "bestAvgFitness": 496.50648096336636,
    "avgFitness": 215.84729865940392,
    "top10AvgFitness": 389.09125478590204,
    "top25AvgFitness": 352.56716149287166,
    "time": 824.71
}