{
    "bestAvgScore": 98.0,
    "avgScore": 71.89729458917836,
    "bestAvgFitness": 403.13355566868086,
    "avgFitness": 185.8141040243063,
    "top10AvgFitness": 322.1099297189719,
    "top25AvgFitness": 296.44166145806076,
    "time": 412.04
}