{
    "bestAvgScore": 106.75,
    "avgScore": 80.8311623246493,
    "bestAvgFitness": 510.18463784653466,
    "avgFitness": 221.42057967216115,
    "top10AvgFitness": 371.5990320569485,
    "top25AvgFitness": 337.7482068962094,
    "time": 431.28
}