{
    "bestAvgScore": 98.0,
    "avgScore": 69.89375,
    "bestAvgFitness": 348.74890804455447,
    "avgFitness": 153.38289455320123,
    "top10AvgFitness": 286.8382982436517,
    "top25AvgFitness": 260.90278576314904,
    "time": 722.34
}