{
    "bestAvgScore": 106.25,
    "avgScore": 80.159,
    "bestAvgFitness": 519.3190379821588,
    "avgFitness": 218.48464354760344,
    "top10AvgFitness": 392.03241691949034,
    "top25AvgFitness": 359.8823665731019,
    "time": 842.06
}