{
    "bestAvgScore": 107.75,
    "avgScore": 82.61673346693387,
    "bestAvgFitness": 573.1761276819308,
    "avgFitness": 247.81939802997385,
    "top10AvgFitness": 456.9072189695019,
    "top25AvgFitness": 407.9702918252795,
    "time": 448.37
}