{
    "bestAvgScore": 103.75,
    "avgScore": 77.966,
    "bestAvgFitness": 448.7334580693069,
    "avgFitness": 208.81848151987774,
    "top10AvgFitness": 386.9979631068077,
    "top25AvgFitness": 351.18082589421175,
    "time": 824.68
}