{
    "bestAvgScore": 51.4,
    "avgScore": 30.307,
    "bestAvgFitness": 187747.15400000004,
    "avgFitness": 67005.1438668,
    "top10AvgFitness": 143779.47641399998,
    "top25AvgFitness": 130175.22624,
    "time": 452.39
}