{
    "bestAvgScore": 102.75,
    "avgScore": 74.51102204408818,
    "bestAvgFitness": 460.5020144504951,
    "avgFitness": 169.69574249617503,
    "top10AvgFitness": 338.10800363024987,
    "top25AvgFitness": 295.85642289786045,
    "time": 375.03
}