{
    "bestAvgScore": 67.6,
    "avgScore": 42.9854,
    "bestAvgFitness": 612548.9524000001,
    "avgFitness": 258219.3169023,
    "top10AvgFitness": 496097.961268,
    "top25AvgFitness": 459410.2817536,
    "time": 669.85
}