{
    "bestAvgScore": 84.0,
    "avgScore": 68.51923076923077,
    "bestAvgFitness": 171.12885810123763,
    "avgFitness": 109.17136793152783,
    "top10AvgFitness": 170.59686343932003,
    "top25AvgFitness": 165.4844794165201,
    "time": 30.36
}