{
    "bestAvgScore": 84.4,
    "avgScore": 45.1505,
    "bestAvgFitness": 1883008.5686,
    "avgFitness": 645089.98722,
    "top10AvgFitness": 1426472.6413460004,
    "top25AvgFitness": 1294770.5053424002,
    "time": 863.3
}