{
    "bestAvgScore": 106.0,
    "avgScore": 80.77475,
    "bestAvgFitness": 502.53515239333143,
    "avgFitness": 222.0377112364543,
    "top10AvgFitness": 393.5766877652799,
    "top25AvgFitness": 361.37551873926463,
    "time": 848.27
}