{
    "bestAvgScore": 83.6,
    "avgScore": 45.0033,
    "bestAvgFitness": 1807049.5452,
    "avgFitness": 635813.7773650999,
    "top10AvgFitness": 1401365.653808,
    "top25AvgFitness": 1262212.5099328,
    "time": 856.7
}