{
    "bestAvgScore": 53.0,
    "avgScore": 39.2515,
    "bestAvgFitness": 37.83569047205882,
    "avgFitness": 16.829462138869157,
    "top10AvgFitness": 30.547783941610483,
    "top25AvgFitness": 28.38210511243313,
    "time": 585.66
}