{
    "bestAvgScore": 52.5,
    "avgScore": 39.6475,
    "bestAvgFitness": 37.306101434158414,
    "avgFitness": 17.844983459637437,
    "top10AvgFitness": 32.417654669568805,
    "top25AvgFitness": 29.747142416745326,
    "time": 631.27
}