{
    "bestAvgScore": 2.2,
    "avgScore": 0.033800000000000004,
    "bestAvgFitness": 6.0142,
    "avgFitness": 0.052687000000000005,
    "top10AvgFitness": 0.9830140000000002,
    "top25AvgFitness": 0.42149600000000004,
    "time": 8.07
}