{
    "bestAvgScore": 19.0,
    "avgScore": 2.24625,
    "bestAvgFitness": 11552.07225,
    "avgFitness": 96.10219550000001,
    "top10AvgFitness": 1331.5247700000002,
    "top25AvgFitness": 668.327,
    "time": 42.52
}