{
    "bestAvgScore": 107.75,
    "avgScore": 81.33166332665331,
    "bestAvgFitness": 508.04914945544556,
    "avgFitness": 241.15477046030963,
    "top10AvgFitness": 417.4086042846939,
    "top25AvgFitness": 384.74607670443174,
    "time": 451.33
}