{
    "bestAvgScore": 28.6,
    "avgScore": 9.1874,
    "bestAvgFitness": 26843.3136,
    "avgFitness": 2476.3986585,
    "top10AvgFitness": 13170.706795999999,
    "top25AvgFitness": 9636.2703616,
    "time": 173.31
}