{
    "bestAvgScore": 105.75,
    "avgScore": 81.35975,
    "bestAvgFitness": 494.23189291287133,
    "avgFitness": 230.6232431051499,
    "top10AvgFitness": 399.93205115518106,
    "top25AvgFitness": 364.349202152861,
    "time": 845.43
}