{
    "bestAvgScore": 78.8,
    "avgScore": 44.3726,
    "bestAvgFitness": 1472484.8398000002,
    "avgFitness": 533694.8612864,
    "top10AvgFitness": 1185282.84155,
    "top25AvgFitness": 1070665.0229344,
    "time": 842.32
}