{
    "bestAvgScore": 9.25,
    "avgScore": 2.25725,
    "bestAvgFitness": 2462.69075,
    "avgFitness": 54.11655225,
    "top10AvgFitness": 640.03058,
    "top25AvgFitness": 340.48999,
    "time": 39.36
}