{
    "bestAvgScore": 102.0,
    "avgScore": 79.2685370741483,
    "bestAvgFitness": 436.86433008872064,
    "avgFitness": 214.29665252442788,
    "top10AvgFitness": 362.50470191600414,
    "top25AvgFitness": 334.3548453402299,
    "time": 429.23
}