{
    "bestAvgScore": 104.5,
    "avgScore": 81.31275,
    "bestAvgFitness": 488.61597725247526,
    "avgFitness": 224.62066003490708,
    "top10AvgFitness": 395.5139547403879,
    "top25AvgFitness": 361.58990906600343,
    "time": 841.25
}