{
    "bestAvgScore": 2.25,
    "avgScore": 0.055036691127418276,
    "bestAvgFitness": 15.758500000000002,
    "avgFitness": 0.4047641761174116,
    "top10AvgFitness": 1.33753,
    "top25AvgFitness": 1.1354772727272726,
    "time": 12.09
}