{
    "bestAvgScore": 52.75,
    "avgScore": 35.982,
    "bestAvgFitness": 31.46071086439526,
    "avgFitness": 7.915192114495171,
    "top10AvgFitness": 16.423648256897092,
    "top25AvgFitness": 14.534636216248076,
    "time": 338.23
}