{
    "bestAvgScore": 102.75,
    "avgScore": 77.5845,
    "bestAvgFitness": 478.68036069306925,
    "avgFitness": 199.00329873551894,
    "top10AvgFitness": 358.5354694781272,
    "top25AvgFitness": 327.01914113138423,
    "time": 812.41
}