{
    "bestAvgScore": 62.4,
    "avgScore": 41.2845,
    "bestAvgFitness": 487052.552,
    "avgFitness": 206105.82279089998,
    "top10AvgFitness": 378264.80209599994,
    "top25AvgFitness": 355746.2770424,
    "time": 624.71
}