{
    "bestAvgScore": 102.25,
    "avgScore": 76.79659318637275,
    "bestAvgFitness": 405.43683380217436,
    "avgFitness": 198.81194537984615,
    "top10AvgFitness": 341.0399940794617,
    "top25AvgFitness": 313.45335617124687,
    "time": 442.51
}