{
    "bestAvgScore": 106.75,
    "avgScore": 79.978,
    "bestAvgFitness": 481.7485604615609,
    "avgFitness": 220.75978327183827,
    "top10AvgFitness": 397.14417400090207,
    "top25AvgFitness": 360.5416870487492,
    "time": 831.51
}