{
    "bestAvgScore": 104.5,
    "avgScore": 78.32925,
    "bestAvgFitness": 475.3455798098622,
    "avgFitness": 204.11087948834728,
    "top10AvgFitness": 361.0424711405913,
    "top25AvgFitness": 331.64154789589577,
    "time": 818.17
}