{
    "bestAvgScore": 105.0,
    "avgScore": 81.40125,
    "bestAvgFitness": 501.6302229754076,
    "avgFitness": 230.85496573307063,
    "top10AvgFitness": 410.162988556928,
    "top25AvgFitness": 373.32850845310026,
    "time": 848.81
}