{
    "bestAvgScore": 0.75,
    "avgScore": 0.030561122244488977,
    "bestAvgFitness": 1.0030000000000001,
    "avgFitness": 0.017541082164328658,
    "top10AvgFitness": 0.35012,
    "top25AvgFitness": 0.1411774193548387,
    "time": 1.42
}