{
    "bestAvgScore": 3.5,
    "avgScore": 0.0790527018012008,
    "bestAvgFitness": 22.06725,
    "avgFitness": 0.7695095063375584,
    "top10AvgFitness": 1.73902,
    "top25AvgFitness": 1.3044906417112299,
    "time": 17.35
}