{
    "bestAvgScore": 11.5,
    "avgScore": 2.41,
    "bestAvgFitness": 4492.296,
    "avgFitness": 73.96760175,
    "top10AvgFitness": 882.0919650000001,
    "top25AvgFitness": 479.371032,
    "time": 40.46
}