{
    "bestAvgScore": 102.25,
    "avgScore": 79.08617234468937,
    "bestAvgFitness": 438.54157962772274,
    "avgFitness": 222.71739328347618,
    "top10AvgFitness": 390.8574974451879,
    "top25AvgFitness": 361.9757391212074,
    "time": 428.0
}