{
    "bestAvgScore": 52.8,
    "avgScore": 31.5291,
    "bestAvgFitness": 210976.01840000003,
    "avgFitness": 76773.8011939,
    "top10AvgFitness": 160050.690358,
    "top25AvgFitness": 146624.5022528,
    "time": 475.31
}