{
    "bestAvgScore": 109.0,
    "avgScore": 81.47575,
    "bestAvgFitness": 576.8092106740098,
    "avgFitness": 229.40750157826795,
    "top10AvgFitness": 414.45434011200445,
    "top25AvgFitness": 370.94538085103244,
    "time": 851.1
}