{
    "bestAvgScore": 106.25,
    "avgScore": 81.2605,
    "bestAvgFitness": 548.3563017381189,
    "avgFitness": 227.08184801827394,
    "top10AvgFitness": 407.15202843280383,
    "top25AvgFitness": 369.36476700444337,
    "time": 843.36
}