{
    "bestAvgScore": 97.75,
    "avgScore": 74.0,
    "bestAvgFitness": 359.4624743379926,
    "avgFitness": 174.52003250797318,
    "top10AvgFitness": 310.50439872732557,
    "top25AvgFitness": 287.0104691728326,
    "time": 384.8
}