{
    "bestAvgScore": 102.75,
    "avgScore": 77.226,
    "bestAvgFitness": 453.2825021722772,
    "avgFitness": 196.9930246662164,
    "top10AvgFitness": 357.4716332131495,
    "top25AvgFitness": 326.58860578038724,
    "time": 816.97
}