{
    "bestAvgScore": 107.25,
    "avgScore": 82.87775551102204,
    "bestAvgFitness": 540.1146992064647,
    "avgFitness": 247.9843648606723,
    "top10AvgFitness": 429.66805850469905,
    "top25AvgFitness": 388.73971929368656,
    "time": 448.54
}