{
    "bestAvgScore": 58.6,
    "avgScore": 38.532199999999996,
    "bestAvgFitness": 329391.8718,
    "avgFitness": 154092.52675760002,
    "top10AvgFitness": 280729.501252,
    "top25AvgFitness": 264533.5521032,
    "time": 579.08
}