{
    "bestAvgScore": 104.0,
    "avgScore": 80.94075,
    "bestAvgFitness": 467.43023396039604,
    "avgFitness": 223.92782809149165,
    "top10AvgFitness": 382.6219678643442,
    "top25AvgFitness": 353.96117835827846,
    "time": 841.99
}