{
    "bestAvgScore": 94.75,
    "avgScore": 67.6485,
    "bestAvgFitness": 326.44572620486315,
    "avgFitness": 139.89697012379673,
    "top10AvgFitness": 265.0496421293897,
    "top25AvgFitness": 243.12629662740724,
    "time": 774.94
}