{
    "bestAvgScore": 97.75,
    "avgScore": 74.89679358717434,
    "bestAvgFitness": 386.3013394306931,
    "avgFitness": 185.25658081994862,
    "top10AvgFitness": 330.38701751066236,
    "top25AvgFitness": 304.7268066487749,
    "time": 383.4
}