{
    "bestAvgScore": 100.5,
    "avgScore": 76.49298597194388,
    "bestAvgFitness": 396.7512479282178,
    "avgFitness": 200.8654949446095,
    "top10AvgFitness": 348.13262701349964,
    "top25AvgFitness": 323.1732304027243,
    "time": 421.95
}