{
    "bestAvgScore": 100.25,
    "avgScore": 74.124749498998,
    "bestAvgFitness": 383.3093964356435,
    "avgFitness": 172.92035338900683,
    "top10AvgFitness": 309.2797557492361,
    "top25AvgFitness": 284.4392687660739,
    "time": 377.17
}