{
    "bestAvgScore": 78.2,
    "avgScore": 45.2586,
    "bestAvgFitness": 1338433.2034,
    "avgFitness": 481210.7377679,
    "top10AvgFitness": 1021011.8385939999,
    "top25AvgFitness": 921007.8707807999,
    "time": 814.6
}