{
    "bestAvgScore": 100.0,
    "avgScore": 78.59468937875752,
    "bestAvgFitness": 410.0448147506843,
    "avgFitness": 208.85512788038048,
    "top10AvgFitness": 358.70072253586625,
    "top25AvgFitness": 334.06548798056434,
    "time": 427.93
}