{
    "bestAvgScore": 96.5,
    "avgScore": 71.5605,
    "bestAvgFitness": 329.71652997779915,
    "avgFitness": 158.45432086896065,
    "top10AvgFitness": 290.1619867819269,
    "top25AvgFitness": 267.75125482620825,
    "time": 749.82
}