{
    "bestAvgScore": 77.4,
    "avgScore": 44.939699999999995,
    "bestAvgFitness": 1307865.8746,
    "avgFitness": 453320.4092604,
    "top10AvgFitness": 982925.4407179999,
    "top25AvgFitness": 883975.0291544,
    "time": 783.85
}