{
    "bestAvgScore": 82.0,
    "avgScore": 44.0177,
    "bestAvgFitness": 1640536.3042,
    "avgFitness": 559364.1925508999,
    "top10AvgFitness": 1276519.188078,
    "top25AvgFitness": 1142782.4346496,
    "time": 850.45
}