{
    "bestAvgScore": 107.5,
    "avgScore": 82.9564128256513,
    "bestAvgFitness": 502.58279193959424,
    "avgFitness": 249.65497904307026,
    "top10AvgFitness": 433.57008338992307,
    "top25AvgFitness": 392.8338962535883,
    "time": 443.89
}