{
    "bestAvgScore": 103.25,
    "avgScore": 79.4003006012024,
    "bestAvgFitness": 434.67810492178216,
    "avgFitness": 216.07496861060483,
    "top10AvgFitness": 372.7041747615185,
    "top25AvgFitness": 344.76233303408355,
    "time": 428.92
}