{
    "bestAvgScore": 11.75,
    "avgScore": 2.90025,
    "bestAvgFitness": 4817.018,
    "avgFitness": 124.67529075,
    "top10AvgFitness": 1396.39598,
    "top25AvgFitness": 764.0082880000001,
    "time": 45.61
}