{
    "bestAvgScore": 8.25,
    "avgScore": 0.6132421614409607,
    "bestAvgFitness": 742.7485000000001,
    "avgFitness": 4.158083889259507,
    "top10AvgFitness": 57.483820000000016,
    "top25AvgFitness": 26.119005347593585,
    "time": 40.02
}