{
    "bestAvgScore": 51.75,
    "avgScore": 38.50475,
    "bestAvgFitness": 33.40847373228499,
    "avgFitness": 11.709379442524726,
    "top10AvgFitness": 23.3432322046293,
    "top25AvgFitness": 20.919722382939643,
    "time": 412.57
}