{
    "bestAvgScore": 104.75,
    "avgScore": 80.922,
    "bestAvgFitness": 462.6548074339934,
    "avgFitness": 228.2473768757584,
    "top10AvgFitness": 391.2990716449083,
    "top25AvgFitness": 362.6292675806953,
    "time": 846.85
}