{
    "bestAvgScore": 99.75,
    "avgScore": 72.551,
    "bestAvgFitness": 395.12511964060377,
    "avgFitness": 163.45704336525907,
    "top10AvgFitness": 295.34683513429974,
    "top25AvgFitness": 268.8040266581843,
    "time": 752.6
}