{
    "bestAvgScore": 10.0,
    "avgScore": 1.5250166777851901,
    "bestAvgFitness": 6987.3215,
    "avgFitness": 29.696466977985324,
    "top10AvgFitness": 407.00462,
    "top25AvgFitness": 209.6990588235294,
    "time": 46.3
}